id,game_id,title_ko,title_jp,title_en,type,series,track_number
alcostg_01,alcostg,step u/b (lazy style),step u/b (lazy style),step u/b (lazy style),other_game_track,Other,01
alcostg_02,alcostg,step u/b,step u/b,step u/b,other_game_track,Other,02
alcostg_03,alcostg,Festiv-al-coholically,Festiv-al-coholically,Festiv-al-coholically,other_game_track,Other,03
alcostg_04,alcostg,Valse Alcoholique,Valse Alcoholique,Valse Alcoholique,other_game_track,Other,04
alcostg_05,alcostg,chase the Twilight,chase the Twilight,chase the Twilight,other_game_track,Other,05
alcostg_06,alcostg,주정뱅이의 레무리아,呑んべぇのレムリア,A Drunkard's Lemuria,other_game_track,Other,06
alcostg_07,alcostg,완전 괜찮아!! 아무리 마셔도 아침이 와요!!,絶対大丈夫だよ！！いくら飲んでも朝が来るよ！！。,"It's definitely okay!! No matter how much you drink, tomorrow will come!!.",other_game_track,Other,07
mcd_01_01,mcd_01,봉래전설,蓬莱伝説,Legend of Hourai,music_cd_track,ZUN Collection,01
mcd_01_02,mcd_01,이색연화접 ~ Red and White,二色蓮花蝶 ～ Red And White,Dichromatic Lotus Butterfly ~ Red and White,music_cd_track,ZUN Collection,02
mcd_01_03,mcd_01,앵화지연총 ~ Japanese Flower,桜花之恋塚 ～ Japanese Flower,Lovely Mound of Cherry Blossoms ~ Japanese Flower,music_cd_track,ZUN Collection,03
mcd_01_04,mcd_01,메이지 17년의 상하이 앨리스,明治十七年の上海アリス,Shanghai Alice of Meiji 17,music_cd_track,ZUN Collection,04
mcd_01_05,mcd_01,동방괴기담,東方怪奇談,Eastern Tale of Fancy,music_cd_track,ZUN Collection,05
mcd_01_06,mcd_01,에니그마틱 돌,エニグマティクドール,Enigmatic Doll,music_cd_track,ZUN Collection,06
mcd_01_07,mcd_01,서커스 레버리,サーカスレヴァリエ,Circus Reverie,music_cd_track,ZUN Collection,07
mcd_01_08,mcd_01,인형의 숲,人形の森,Forest of Dolls,music_cd_track,ZUN Collection,08
mcd_01_09,mcd_01,Witch of Love Potion,Witch of Love Potion,Witch of Love Potion,music_cd_track,ZUN Collection,09
mcd_01_10,mcd_01,리인카네이션,リーインカーネイション,Reincarnation,music_cd_track,ZUN Collection,10
mcd_01_11,mcd_01,U.N.오웬은 그녀인가?,U.N.オーエンは彼女なのか？,U.N. Owen was Her?,music_cd_track,ZUN Collection,11
mcd_01_12,mcd_01,영원의 무녀,永遠の巫女,Eternal Shrine Maiden,music_cd_track,ZUN Collection,12
mcd_01_13,mcd_01,하늘을 나는 무녀의 이상한 매일,空飛ぶ巫女の不思議な毎日,The Curious Everyday Life of the Flying Shrine Maiden,music_cd_track,ZUN Collection,13
mcd_02_01,mcd_02,밤의 덴데라노를 가다,夜のデンデラ野を逝く,Passing On through the Dendera Fields in the Night,music_cd_track,ZUN Collection,01
mcd_02_02,mcd_02,소녀비봉클럽,少女秘封倶楽部,Girls' Secret Sealing Club,music_cd_track,ZUN Collection,02
mcd_02_03,mcd_02,동방요요몽 ~ Ancient Temple,東方妖々夢　～ Ancient Temple,Eastern Ghostly Dream ~ Ancient Temple,music_cd_track,ZUN Collection,03
mcd_02_04,mcd_02,오래된 명계사,古の冥界寺,Ancient Temple of the Netherworld,music_cd_track,ZUN Collection,04
mcd_02_05,mcd_02,환시의 밤 ~ Ghostly Eyes,幻視の夜　～ Ghostly Eyes,Illusionary Night ~ Ghostly Eyes,music_cd_track,ZUN Collection,05
mcd_02_06,mcd_02,마술사 메리,魔術師メリー,Merry the Magician,music_cd_track,ZUN Collection,06
mcd_02_07,mcd_02,"달의 요조, 요괴고양이의 환상",月の妖鳥、化猫の幻,"Uncanny Bird of the Moon, Illusion of the Bakeneko",music_cd_track,ZUN Collection,07
mcd_02_08,mcd_02,과거의 꽃 ~ Fairy of Flower,過去の花 ～ Fairy of Flower,Flower of Past Days ~ Fairy of Flower,music_cd_track,ZUN Collection,08
mcd_02_09,mcd_02,마법소녀 십자군,魔法少女十字軍,Magical Girl's Crusade,music_cd_track,ZUN Collection,09
mcd_02_10,mcd_02,소녀환장 ~ Necro-Fantasy,少女幻葬　～ Necro-Fantasy,A Maiden's Illusionary Funeral ~ Necro-Fantasy,music_cd_track,ZUN Collection,10
mcd_02_11,mcd_02,환상의 영원제,幻想の永遠祭,Eternal Festival of Illusions,music_cd_track,ZUN Collection,11
mcd_03_01,mcd_03,동제 ~ Innocent Treasures,童祭　～ Innocent Treasures,Kid's Festival ~ Innocent Treasures,music_cd_track,ZUN Collection,01
mcd_03_02,mcd_03,화서의 꿈,華胥の夢,Dream of Huaxu,music_cd_track,ZUN Collection,02
mcd_03_03,mcd_03,상해홍차관 ~ Chinese Tea,上海紅茶館　～ Chinese Tea,Shanghai Scarlet Teahouse ~ Chinese Tea,music_cd_track,ZUN Collection,03
mcd_03_04,mcd_03,보이지 1969,ヴォヤージュ1969,Voyage 1969,music_cd_track,ZUN Collection,04
mcd_03_05,mcd_03,과학 세기의 소년소녀,科学世紀の少年少女,Boys and Girls of the Age of Science,music_cd_track,ZUN Collection,05
mcd_03_06,mcd_03,영야의 대가 ~ Imperishable Night,永夜の報い　～ Imperishable Night,Retribution for the Eternal Night ~ Imperishable Night,music_cd_track,ZUN Collection,06
mcd_03_07,mcd_03,밤이 내려온다 ~ Evening Star,夜が降りてくる ～ Evening Star,Night Falls ~ Evening Star,music_cd_track,ZUN Collection,07
mcd_03_08,mcd_03,인형재판 ~ 사람의 형상을 가지고 노는 소녀,人形裁判　～ 人の形弄びし少女,Doll Judgment ~ The Girl Who Played with People's Shapes,music_cd_track,ZUN Collection,08
mcd_03_09,mcd_03,꿈과 현실의 경계,夢と現の境界,Border Between Dreams and Reality,music_cd_track,ZUN Collection,09
mcd_03_10,mcd_03,환상기계 ~ Phantom Factory,幻想機械　～ Phantom Factory,Fantasy Machine ~ Phantom Factory,music_cd_track,ZUN Collection,10
mcd_03_11,mcd_03,유현의 단풍나무 ~ Eternal Dream,幽玄の槭樹　～ Eternal Dream,Mystical Maple ~ Eternal Dream,music_cd_track,ZUN Collection,11
mcd_04_01,mcd_04,히로시게 36호 ~ Neo Super-Express,ヒロシゲ36号 ～ Neo Super-Express,Hiroshige No.36 ~ Neo Super-Express,music_cd_track,ZUN Collection,01
mcd_04_02,mcd_04,53분간의 푸른 바다,53ミニッツの青い海,Blue Sea of 53 Minutes,music_cd_track,ZUN Collection,02
mcd_04_03,mcd_04,죽취비상 ~ Lunatic Princess,竹取飛翔　～ Lunatic Princess,Flight of the Bamboo Cutter ~ Lunatic Princess,music_cd_track,ZUN Collection,03
mcd_04_04,mcd_04,피안귀항 ~ Riverside View,彼岸帰航　～ Riverside View,Higan Retour ~ Riverside View,music_cd_track,ZUN Collection,04
mcd_04_05,mcd_04,아오키가하라의 전설,青木ヶ原の伝説,Legend of Aokigahara,music_cd_track,ZUN Collection,05
mcd_04_06,mcd_04,우사님의 새하얀 깃발,お宇佐さまの素い幡,White Flag of Usa Shrine,music_cd_track,ZUN Collection,06
mcd_04_07,mcd_04,"달까지 닿아라, 불사의 연기",月まで届け、不死の煙,"Reach for the Moon, Immortal Smoke",music_cd_track,ZUN Collection,07
mcd_04_08,mcd_04,레트로스펙티브 쿄토,レトロスペクティブ京都,Retrospective Kyoto,music_cd_track,ZUN Collection,08
mcd_04_09,mcd_04,락드 걸 ~ 소녀밀실,ラクトガール　～ 少女密室,Locked Girl ~ The Girl's Sealed Room,music_cd_track,ZUN Collection,09
mcd_04_10,mcd_04,천년환상향 ~ History of the Moon,千年幻想郷　～ History of the Moon,Gensokyo Millennium ~ History of the Moon,music_cd_track,ZUN Collection,10
mcd_04_11,mcd_04,가장 맑은 하늘과 바다,最も澄みわたる空と海,The Purest Sky and Sea,music_cd_track,ZUN Collection,11
mcd_05_01,mcd_05,월면투어에 어서오세요,月面ツアーへようこそ,Welcome to the Moon Tour,music_cd_track,ZUN Collection,01
mcd_05_02,mcd_05,천공의 그리니치,天空のグリニッジ,Greenwich in the Sky,music_cd_track,ZUN Collection,02
mcd_05_03,mcd_05,동쪽 나라의 잠들지 않는 밤,東の国の眠らない夜,Sleepless Night of the Eastern Country,music_cd_track,ZUN Collection,03
mcd_05_04,mcd_05,휠체어의 미래우주,車椅子の未来宇宙,The Wheelchair's Future of the Universe,music_cd_track,ZUN Collection,04
mcd_05_05,mcd_05,Demystify Feast,Demystify Feast,Demystify Feast,music_cd_track,ZUN Collection,05
mcd_05_06,mcd_05,위성 카페테라스,衛星カフェテラス,Satellite Café Terrace,music_cd_track,ZUN Collection,06
mcd_05_07,mcd_05,G Free,G Free,G Free,music_cd_track,ZUN Collection,07
mcd_05_08,mcd_05,대공마술 ~ Magical Astronomy,大空魔術 ～ Magical Astronomy,Celestial Wizardry ~ Magical Astronomy,music_cd_track,ZUN Collection,08
mcd_05_09,mcd_05,네크로 판타지아,ネクロファンタジア,Necrofantasia,music_cd_track,ZUN Collection,09
mcd_05_10,mcd_05,저편의 달,向こう側の月,The Moon of the Other Side,music_cd_track,ZUN Collection,10
mcd_055_01,mcd_055,미지의 꽃 매지의 여행,未知の花　魅知の旅,"Unknown Flower, Mesmerizing Journey",music_cd_track,ZUN Collection,01
mcd_055_02,mcd_055,무간의 종 ~ Infinite Nightmare,無間の鐘　～ Infinite Nightmare,Bell of Avīci ~ Infinite Nightmare,music_cd_track,ZUN Collection,02
mcd_055_03,mcd_055,"내일은 휴일, 어제는 평일",明日ハレの日、ケの昨日,"Tomorrow Will Be Special, Yesterday Was Not",music_cd_track,ZUN Collection,03
mcd_06_01,mcd_06,위성 토리후네,衛星トリフネ,Satellite TORIFUNE,music_cd_track,ZUN Collection,01
mcd_06_02,mcd_06,트로이군의 밀림,トロヤ群の密林,Trojan Asteroid Jungle,music_cd_track,ZUN Collection,02
mcd_06_03,mcd_06,디자이어 드라이브,デザイアドライブ,Desire Drive,music_cd_track,ZUN Collection,03
mcd_06_04,mcd_06,페어리 모험담,フェアリー冒険譚,The Fairy's Adventurous Tale,music_cd_track,ZUN Collection,04
mcd_06_05,mcd_06,아메노���리후네 신사,天鳥船神社,Ame-no-torifune Shrine,music_cd_track,ZUN Collection,05
mcd_06_06,mcd_06,밤하늘의 UFO 로망스,夜空のユーフォーロマンス,UFO Romance in the Night Sky,music_cd_track,ZUN Collection,06
mcd_06_07,mcd_06,하르트만의 요괴소녀,ハルトマンの妖怪少女,Hartmann's Youkai Girl,music_cd_track,ZUN Collection,07
mcd_06_08,mcd_06,아메노토리후네 신사의 결계,天鳥船神社の結界,The Barrier of Ame-no-torifune Shrine,music_cd_track,ZUN Collection,08
mcd_06_09,mcd_06,감정의 마천루 ~ Cosmic Mind,感情の摩天楼　～ Cosmic Mind,Emotional Skyscraper ~ Cosmic Mind,music_cd_track,ZUN Collection,09
mcd_06_10,mcd_06,우주에 떠오른 환상향,宇宙に浮かぶ幻想郷,The Gensokyo That Floats in Outer Space,music_cd_track,ZUN Collection,10
mcd_07_01,mcd_07,녹색의 새너토리엄,緑のサナトリウム,Green Sanatorium,music_cd_track,ZUN Collection,01
mcd_07_02,mcd_07,소에게 이끌려 젠코지 참배,牛に引かれて善光寺参り,Led On by a Cow to Visit Zenkou Temple,music_cd_track,ZUN Collection,02
mcd_07_03,mcd_07,하트펠트 팬시,ハートフェルトファンシー,Heartfelt Fancy,music_cd_track,ZUN Collection,03
mcd_07_04,mcd_07,60년만의 동방재판 ~ Fate of Sixty Years,六十年目の東方裁判　～ Fate of Sixty Years,Eastern Judgement in the Sixtieth Year ~ Fate of Sixty Years,music_cd_track,ZUN Collection,04
mcd_07_05,mcd_07,아갈타의 바람,アガルタの風,Wind of Agartha,music_cd_track,ZUN Collection,05
mcd_07_06,mcd_07,이자나기 오브젝트,イザナギオブジェクト,Izanagi Object,music_cd_track,ZUN Collection,06
mcd_07_07,mcd_07,요괴 뒤쪽 참배길,妖怪裏参道,Youkai Shrine's Back Road,music_cd_track,ZUN Collection,07
mcd_07_08,mcd_07,언노운X ~ Unfound Adventure,アンノウンＸ　～ Unfound Adventure,Unknown X ~ Unfound Adventure,music_cd_track,ZUN Collection,08
mcd_07_09,mcd_07,일본의 불가사의들을 모아,日本中の不思議を集めて,Gathering the Mysterious from All Around Japan,music_cd_track,ZUN Collection,09
mcd_07_10,mcd_07,멋진 묘지에서 살아 봅시다,素敵な墓場で暮しましょ,Let's Live in a Lovely Cemetery,music_cd_track,ZUN Collection,10
mcd_08_01,mcd_08,보잘것 없는 두 사람의 박물지,他愛も無い二人の博物誌,The Childlike Duo's Naturalis Historia,music_cd_track,ZUN Collection,01
mcd_08_02,mcd_08,얼어붙은 영원의 도시,凍り付いた永遠の都,The Frozen Eternal Capital,music_cd_track,ZUN Collection,02
mcd_08_03,mcd_08,레이턴시 박사의 잠 못 들게 하는 눈동자,Dr.レイテンシーの眠れなくなる瞳,Dr. Latency's Sleepless Eyes,music_cd_track,ZUN Collection,03
mcd_08_04,mcd_08,9월의 펌킨,九月のパンプキン,September Pumpkin,music_cd_track,ZUN Collection,04
mcd_08_05,mcd_08,수유는 플랑크를 넘어서,須臾はプランクを超えて,An Instant that Exceeds Planck's Time,music_cd_track,ZUN Collection,05
mcd_08_06,mcd_08,슈뢰딩거의 요괴고양이,シュレディンガーの化猫,Schrödinger's Bakeneko,music_cd_track,ZUN Collection,06
mcd_08_07,mcd_08,공중에 가라앉은 휘침성,空中に沈む輝針城,The Shining Needle Castle Sinking in the Air,music_cd_track,ZUN Collection,07
mcd_08_08,mcd_08,금기의 막벽,禁忌の膜壁,The Taboo Membrane Wall,music_cd_track,ZUN Collection,08
mcd_08_09,mcd_08,고향별이 비치는 바다,故郷の星が映る海,The Sea that Reflects One's Home Planet,music_cd_track,ZUN Collection,09
mcd_08_10,mcd_08,퓨어 퓨리스 ~ 마음이 있는 곳,ピュアヒューリーズ　～ 心の在処,Pure Furies ~ Whereabouts of the Heart,music_cd_track,ZUN Collection,10
mcd_08_11,mcd_08,영원한 삼일천하,永遠の三日天下,Eternal Transient Reign,music_cd_track,ZUN Collection,11
mcd_09_01,mcd_09,바 올드 아담,バー・オールドアダム,"""Old Adam"" Bar",music_cd_track,ZUN Collection,01
mcd_09_02,mcd_09,연석박물지가 가져온 어둠,燕石博物誌が連れてきた闇,The Darkness Brought in by Swallowstone Naturalis Historia,music_cd_track,ZUN Collection,02
mcd_09_03,mcd_09,리버스 이데올로기,リバースイデオロギー,Reverse Ideology,music_cd_track,ZUN Collection,03
mcd_09_04,mcd_09,아웃사이더 칵테일,アウトサイダーカクテル,Outsider Cocktail,music_cd_track,ZUN Collection,04
mcd_09_05,mcd_09,오오미와 신화전,大神神話伝,Omiwa Legend,music_cd_track,ZUN Collection,05
mcd_09_06,mcd_09,판데모닉 플래닛,パンデモニックプラネット,Pandemonic Planet,music_cd_track,ZUN Collection,06
mcd_09_07,mcd_09,구세계의 모험주점,旧世界の冒険酒場,Adventurer's Tavern of the Old World,music_cd_track,ZUN Collection,07
mcd_09_08,mcd_09,마계 지방도시 에소테리아,魔界地方都市エソテリア,Rural Makai City Esoteria,music_cd_track,ZUN Collection,08
mcd_09_09,mcd_09,인기폭발 / 쿠모이 이치린 & 운잔,人気爆発／雲居一輪＆雲山,Popularity Boom / Ichirin Kumoi & Unzan,music_cd_track,ZUN Collection,09
mcd_09_10,mcd_09,숙취의 동상이몽,二日酔いの同床異夢,Hangover of Bedfellows Dreaming Differently,music_cd_track,ZUN Collection,10
mcd_095_01,mcd_095,"나나츠이시의 늑대, 구름을 잡으러 달리다",七ツ石の狼、雲を取りに駆ける,The Wolves of Nanatsuishi Dash to Seize the Clouds,music_cd_track,ZUN Collection,01
mcd_095_02,mcd_095,환상의 화이트 트래블러,幻想のホワイトトラベラー,Illusionary White Traveler,music_cd_track,ZUN Collection,02
mcd_095_03,mcd_095,그 활기찬 시장은 지금 어디에 ~ Immemorial Marketeers,あの賑やかな市場は今どこに　～ Immemorial Marketeers,Where Is That Bustling Marketplace Now ~ Immemorial Marketeers,music_cd_track,ZUN Collection,03
mcd_10_01,mcd_10,타나바타자카에 아침이 온다,七夕坂に朝が来る,Dawn Breaks on Tanabatazaka,music_cd_track,ZUN Collection,01
mcd_10_02,mcd_10,부등식의 팅커벨,不等式のティンカーベル,Tinkerbell of Inequality,music_cd_track,ZUN Collection,02
mcd_10_03,mcd_10,"금단의 문 너머는, 이승인가 저승인가",禁断の扉の向こうは、この世かあの世か,"Does the Forbidden Door Lead to This World, or the World Beyond?",music_cd_track,ZUN Collection,03
mcd_10_04,mcd_10,스모킹 드래곤,スモーキングドラゴン,Smoking Dragon,music_cd_track,ZUN Collection,04
mcd_10_05,mcd_10,무겐노 ~ Taboo Marionette,夢幻能　～ Taboo Marionette,Mugen Noh ~ Taboo Marionette,music_cd_track,ZUN Collection,05
mcd_10_06,mcd_10,크레이지 백댄서즈,クレイジーバックダンサーズ,Crazy Backdancers,music_cd_track,ZUN Collection,06
mcd_10_07,mcd_10,요리마시는 꿈과 현실 사이에 ~ Necro-Fantasia,憑坐は夢と現の間に ～ Necro-Fantasia,Yorimashi Between Dreams and Reality ~ Necro-Fantasia,music_cd_track,ZUN Collection,07
mcd_10_08,mcd_10,혼자서의 히타치 행로,ひとりぼっちの常陸行路,The Lonely Road of Hitachi,music_cd_track,ZUN Collection,08
mcd_10_09,mcd_10,지장만이 아는 애탄,地蔵だけが知る哀嘆,The Lamentations Known Only to Jizo,music_cd_track,ZUN Collection,09
mcd_10_10,mcd_10,비닉된 포 시즌스,秘匿されたフォーシーズンズ,The Concealed Four Seasons,music_cd_track,ZUN Collection,10
mcd_10_11,mcd_10,밤이 아니라도 요괴는 있으니까,夜じゃなくてもお化けはいるから,Ghosts Exist Even When It's Not Night,music_cd_track,ZUN Collection,11
mcd_baijr_01,mcd_baijr,풍신소녀,風神少女,Wind God Girl,music_cd_track,ZUN Collection,01
mcd_baijr_02,mcd_baijr,말괄량이 연랑의 모험,おてんば恋娘の冒険,Adventure of the Lovestruck Tomboy,music_cd_track,ZUN Collection,02
mcd_baijr_03,mcd_baijr,화영총 ~ after Higan Retour,花映塚　～ after Higan Retour,Flower Reflecting Mound ~ after Higan Retour,music_cd_track,ZUN Collection,03
mcd_fairy01_01,mcd_fairy01,서니 루틸 프랙션,サニールチルフレクション,Sunny Rutile Flection,music_cd_track,Fairy,01
mcd_fairy01_02,mcd_fairy01,밤이니까 잠들지 않아,夜だから眠れない,Can't Sleep Because It's Nighttime,music_cd_track,Fairy,02
mcd_fairy01_03,mcd_fairy01,요정 산뜻하게,妖精燦々として,Like the Brilliance of Fairies,music_cd_track,Fairy,03
mcd_fairy02_01,mcd_fairy02,서니 밀크의 홍무이변,サニーミルクの紅霧異変,Sunny Milk's Scarlet Mist Incident,music_cd_track,Fairy,01
mcd_fairy02_02,mcd_fairy02,눈과 달과 벚꽃의 나라,雪月桜花の国,A Land Resplendent With Nature's Beauty,music_cd_track,Fairy,02
mcd_fairy02_03,mcd_fairy02,스타 보야주 2008,スターヴォヤージュ2008,Star Voyage 2008,music_cd_track,Fairy,03
mcd_fairy03_01,mcd_fairy03,귀여운 대전쟁의 리프레인,可愛い大戦争のリフレーン,The Refrain of the Lovely Great War,music_cd_track,Fairy,01
mcd_fairy03_02,mcd_fairy03,서니 루틸 프랙션,サニールチルフレクション,Sunny Rutile Flection,music_cd_track,Fairy,02
mcd_fairy03_03,mcd_fairy03,밤이니까 잠들지 않아,夜だから眠れない,Can't Sleep Because It's Nighttime,music_cd_track,Fairy,03
mcd_fairy03_04,mcd_fairy03,요정 산뜻하게,妖精燦々として,Like the Brilliance of Fairies,music_cd_track,Fairy,04
mcd_fairy04_01,mcd_fairy04,페어리 모험담,フェアリー冒険譚,The Fairy's Adventurous Tale,music_cd_track,Fairy,01
mcd_fairy04_02,mcd_fairy04,두 개의 세계,二つの世界,Two Worlds,music_cd_track,Fairy,02
mcd_fairy05_01,mcd_fairy05,신사 경내에서의 숨바꼭질 생활,神域のかくれんぼ暮らし,The Hide-and-Seek Lifestyle at the Shrine,music_cd_track,Fairy,01
mcd_fairy05_02,mcd_fairy05,요괴 모던 콜로니,妖怪モダンコロニー,Youkai Modern Colony,music_cd_track,Fairy,02
mcd_fairy06_01,mcd_fairy06,온종일 정신없는 호기심,年中夢中の好奇心,Year-Round Absorbed Curiosity,music_cd_track,Fairy,01
mcd_fairy06_02,mcd_fairy06,한밤중의 페어리 댄스,真夜中のフェアリーダンス,A Midnight Fairy Dance,music_cd_track,Fairy,02
mcd_fairy06_03,mcd_fairy06,요정대전쟁 ~ Fairy Wars,妖精大戦争　～ Fairy Wars,Great Fairy Wars ~ Fairy Wars,music_cd_track,Fairy,03
mcd_fairy07_01,mcd_fairy07,메이거스 나이트,メイガスナイト,Magus Night,music_cd_track,Fairy,01
mcd_fairy07_02,mcd_fairy07,장난에 목숨을 걸고,いたずらに命をかけて,Staking Your Life on a Prank,music_cd_track,Fairy,02
mcd_fairy07_03,mcd_fairy07,오랜 위안셴,古きユアンシェン,Old Yuanxian,music_cd_track,Fairy,03
mcd_fs_01,mcd_fs,판독안의 비블리오필리아,判読眼のビブロフィリア,Bibliophile with a Deciphering Eye,music_cd_track,ZUN Collection,01
mcd_fs_02,mcd_fs,운하를 다니는 인요,運河を行き交う人妖,Humans and Youkai Traversing the Canal,music_cd_track,ZUN Collection,02
mcd_fs_03,mcd_fs,토끼는 내려앉았다,兎は舞い降りた,The Rabbit Has Landed,music_cd_track,ZUN Collection,03
mcd_gom_01,mcd_gom,마법사의 우울,魔法使いの憂鬱,Magician's Melancholy,music_cd_track,ZUN Collection,01
mcd_gom_02,mcd_gom,스푸트니크 환야,スプートニク幻夜,Illusionary Sputnik Night,music_cd_track,ZUN Collection,02
mcd_pmiss_01,mcd_pmiss,재패니즈 사가,ジャパニーズサーガ,Japanese Saga,music_cd_track,Perfect Memento,01
mcd_pmiss_02,mcd_pmiss,아레의 자손,阿礼の子供,Child of Are,music_cd_track,Perfect Memento,02
mcd_pmiss_03,mcd_pmiss,밤의 하토야마를 날다 - Power MIX,夜の鳩山を飛ぶ - Power MIX,Fly above Hatoyama at night - Power MIX,music_cd_track,Perfect Memento,03
mcd_scoow01_01,mcd_scoow01,흐드러지게 핀 죄의 벚꽃,繚乱ノ罪桜,New Year's Cherry Blossoms,music_cd_track,Strange Creators,01
mcd_scoow01_02,mcd_scoow01,절연체,絶縁体,Insulator,music_cd_track,Strange Creators,02
mcd_scoow01_03,mcd_scoow01,PLAIN ASIA (2015 ALR REWIND REMIX),PLAIN ASIA (2015 ALR REWIND REMIX),PLAIN ASIA (2015 ALR REWIND REMIX),music_cd_track,Strange Creators,03
mcd_scoow02_01,mcd_scoow02,오컬트 어트랙트,オカルトアトラクト,Occult Attract,music_cd_track,Strange Creators,01
mcd_scoow02_02,mcd_scoow02,영야의 대가 ~ Pipes and Fiddle.,永夜の報い　〜 Pipes and Fiddle.,Retribution for the Eternal Night ~ Pipes and Fiddle.,music_cd_track,Strange Creators,02
mcd_scoow02_03,mcd_scoow02,라스트 오컬티즘 ~ 현세의 비술사,ラストオカルティズム　～　現し世の秘術師,Last Occultism ~ Esotericist of the Present World,music_cd_track,Strange Creators,03
mcd_scoow03_01,mcd_scoow03,동제 ~ Innocent Treasures,童祭　～ Innocent Treasures,Kid's Festival ~ Innocent Treasures,music_cd_track,Strange Creators,01
mcd_scoow03_02,mcd_scoow03,미스트 레이크,ミストレイク,Mist Lake,music_cd_track,Strange Creators,02
mcd_scoow03_03,mcd_scoow03,주정뱅이의 레무리아,呑んべぇのレムリア,A Drunkard's Lemuria,music_cd_track,Strange Creators,03
mcd_scoow04_01,mcd_scoow04,돌아가는 Harvest,巡るHarvest,The Harvest That Goes Around,music_cd_track,Strange Creators,01
mcd_scoow04_02,mcd_scoow04,무생명 서피스,無生命サーフェス,Lifeless Surface,music_cd_track,Strange Creators,02
mcd_scoow04_03,mcd_scoow04,끝나버린 현실과 머나먼 뒤쪽에,終わる現実と、遥か後方の,The Reality of The End and The Past,music_cd_track,Strange Creators,03
mcd_scoow05_01,mcd_scoow05,건반선풍소녀,鍵盤旋風少女,Whirlwind Keyboard Girl,music_cd_track,Strange Creators,01
mcd_scoow05_02,mcd_scoow05,하르트만의 수면소녀,ハルトマンの睡眠少女,Hartmann's Sleeping Girl,music_cd_track,Strange Creators,02
mcd_scoow05_03,mcd_scoow05,네크로 판타지아,ネクロファンタジア,Necrofantasia,music_cd_track,Strange Creators,03
mcd_scoow06_01,mcd_scoow06,아케보시 로켓,明星ロケット,Morning Star Rocket,music_cd_track,Strange Creators,01
mcd_scoow06_02,mcd_scoow06,디자이어 드라이브,DesireDrive,DesireDrive,music_cd_track,Strange Creators,02
mcd_scoow06_03,mcd_scoow06,네크로 판타지아,ネクロファンタジア,Necrofantasia,music_cd_track,Strange Creators,03
mcd_ssib_01,mcd_ssib,요괴우주여행,妖怪宇宙旅行,Youkai Space Travel,music_cd_track,ZUN Collection,01
mcd_ssib_02,mcd_ssib,와타츠키의 스펠카드 ~ Lunatic Blue,綿月のスペルカード ～ Lunatic Blue,Watatsuki's Spell Card ~ Lunatic Blue,music_cd_track,ZUN Collection,02
mcd_ssib_03,mcd_ssib,주정뱅이 레무리아 (Retro Ver),呑んべぇのレムリア (Retro Ver),A Drunkard's Lemuria (Retro Ver),music_cd_track,ZUN Collection,03
sh01_01,sh01,추상옥 ~ Clockworks,秋霜玉　～ Clockworks,Autumn Frost Orb ~ Clockworks,seihou_track,Seihou,01
sh01_02,sh01,거짓 딸기,フォルスストロベリー,False Strawberry,seihou_track,Seihou,02
sh01_03,sh01,프림로즈 쉬버,プリムローズシヴァ,Primrose Shiver,seihou_track,Seihou,03
sh01_04,sh01,환상제도,幻想帝都,Fantastic Imperial Capital,seihou_track,Seihou,04
sh01_05,sh01,비참한 제미니,ディザストラスジェミニ,Disastrous Gemini,seihou_track,Seihou,05
sh01_06,sh01,꽃의 환상 붉은 꿈의 하늘,華の幻想　紅夢の宙,"Illusion of Flowers, Sky of Scarlet Dreams",seihou_track,Seihou,06
sh01_07,sh01,하늘의 군대,天空アーミー,Firmament Army,seihou_track,Seihou,07
sh01_08,sh01,스푸트니크 환야,スプートニク幻夜,Illusionary Sputnik Night,seihou_track,Seihou,08
sh01_09,sh01,기계서커스 ~ Reverie,機械サーカス　～ Reverie,Mechanical Circus ~ Reverie,seihou_track,Seihou,09
sh01_10,sh01,카나베랄의 몽환소녀,カナベラルの夢幻少女,Illusionary Girl from Canaveral,seihou_track,Seihou,10
sh01_11,sh01,마법소녀 십자군,魔法少女十字軍,Magical Girl's Crusade,seihou_track,Seihou,11
sh01_12,sh01,앤티크 테러,アンティークテラー,Antique Terror,seihou_track,Seihou,12
sh01_13,sh01,꿈의 기계 ~ Innocent Power,夢機械　～ Innocent Power,Dream Machine ~ Innocent Power,seihou_track,Seihou,13
sh01_14,sh01,환상과학 ~ Doll's Phantom,幻想科学　～ Doll's Phantom,Fantasy Science ~ Doll's Phantom,seihou_track,Seihou,14
sh01_15,sh01,소녀신성 ~ Pandora's Box,少女神性　～ Pandora's Box,Girl's Divinity ~ Pandora's Box,seihou_track,Seihou,15
sh01_16,sh01,실크 로드 앨리스,シルクロードアリス,Silk Road Alice,seihou_track,Seihou,16
sh01_17,sh01,마녀들의 무도회 ~ Magus,魔女達の舞踏会　～ Magus,The Witches' Ball ~ Magus,seihou_track,Seihou,17
sh01_18,sh01,이색연화접 ~ Ancients,二色蓮花蝶　～ Ancients,Dichromatic Lotus Butterfly ~ Ancients,seihou_track,Seihou,18
sh01_19,sh01,하세루부스,ハーセルヴス,Herselves,seihou_track,Seihou,19
sh01_20,sh01,제목 드 메이드,タイトルドメイド,Titled Maid,seihou_track,Seihou,20
sh02_01,sh02,희옹옥 ~ Fairy Dance,稀翁玉　～ Fairy Dance,Rare Venerable Orb ~ Fairy Dance,seihou_track,Seihou,01
sh02_02,sh02,벨벳 소녀전 ~ Velvet Battle,天鵞絨少女戦　～ Velvet Battle,Velvet Maiden's War ~ Velvet Battle,seihou_track,Seihou,02
sh02_03,sh02,Castle Explorer -in the Sky-,Castle Explorer -in the Sky-,Castle Explorer -in the Sky-,seihou_track,Seihou,03
sh02_04,sh02,올페의 시 ~ Pseudoclassic,オルフェの詩　～ Pseudoclassic,Orphic Poetry ~ Pseudoclassic,seihou_track,Seihou,04
sh02_05,sh02,신환상 ~ New Fantasy,新幻想　～ New Fantasy,New Illusion ~ New Fantasy,seihou_track,Seihou,05
sh02_06,sh02,오를레앙의 성기사,オルレアンの聖騎士,Holy Knight of Orléans,seihou_track,Seihou,06
sh02_07,sh02,"My Maid, Sweet Maid","My Maid, Sweet Maid","My Maid, Sweet Maid",seihou_track,Seihou,07
sh02_08,sh02,앵화지연총 ~ Flower of Japan,桜花之恋塚　～ Flower of Japan,Lovely Mound of Cherry Blossoms ~ Flower of Japan,seihou_track,Seihou,08
sh02_09,sh02,처녀전투 ~ Heart of Valkyrie,乙女戦士　～ Heart of Valkyrie,Warrior Maiden ~ Heart of Valkyrie,seihou_track,Seihou,09
sh02_10,sh02,에니그마틱 돌 ~ God Knows,エニグマティクドール ～ God Knows,Enigmatic Doll ~ God Knows,seihou_track,Seihou,10
th01_01,th01,A Sacred Lot,A Sacred Lot,A Sacred Lot,game_track,PC-98,01
th01_02,th01,영원의 무녀,永遠の巫女,Eternal Shrine Maiden,game_track,PC-98,02
th01_03,th01,The Positive and Negative,The Positive and Negative,The Positive and Negative,game_track,PC-98,03
th01_04,th01,Highly Responsive to Prayers,Highly Responsive to Prayers,Highly Responsive to Prayers,game_track,PC-98,04
th01_05,th01,동방괴기담,東方怪奇談,Eastern Tale of Fancy,game_track,PC-98,05
th01_06,th01,천사전설,天使伝説,Angel's Legend,game_track,PC-98,06
th01_07,th01,Oriental Magician,Oriental Magician,Oriental Magician,game_track,PC-98,07
th01_08,th01,파사의 소태도,破邪の小太刀,Small Evil-Crushing Blade,game_track,PC-98,08
th01_09,th01,마경,魔鏡,Magic Mirror,game_track,PC-98,09
th01_10,th01,The Legend of KAGE,the Legend of KAGE,the Legend of KAGE,game_track,PC-98,10
th01_11,th01,"지금, 쓰러져 죽는 그 순간까지",いざ、倒れ逝くその時まで,"Now, Until the Moment You Die",game_track,PC-98,11
th01_12,th01,Civilization of Magic,Civilization of Magic,Civilization of Magic,game_track,PC-98,12
th01_12a,th01,죽는다면 다 함께,死なばもろとも,We Shall Die Together,game_track,PC-98,12a
th01_13,th01,성유천사,星幽天使,Angel of a Distant Star,game_track,PC-98,13
th01_13a,th01,성유검사,星幽剣士,Swordsman of a Distant Star,game_track,PC-98,13a
th01_14,th01,아이리스,アイリス,Iris,game_track,PC-98,14
th01_15,th01,바람의 신사,風の神社,Shrine of the Wind,game_track,PC-98,15
th02_01,th02,동방봉마록 ~ 정토만다라,東方封魔録　～浄土曼荼羅,Eastern Demon-Sealing Record ~ Pure Land Mandala,game_track,PC-98,01
th02_02,th02,하쿠레이 ~ Eastern Wind,博麗　～Eastern Wind,Hakurei ~ Eastern Wind,game_track,PC-98,02
th02_03,th02,She's in a temper!!,She's in a temper!!,She's in a temper!!,game_track,PC-98,03
th02_04,th02,End of Daylight,End of Daylight,End of Daylight,game_track,PC-98,04
th02_05,th02,어둠의 힘,やみのちから,Power of Darkness,game_track,PC-98,05
th02_06,th02,환몽계,幻夢界,World of Fantasies,game_track,PC-98,06
th02_07,th02,죽음을 걸고,死を賭して,Bet on Death,game_track,PC-98,07
th02_08,th02,"신단, 자줏빛으로 타올라",ひもろぎ、むらさきにもえ,"Himorogi, Burn in Violet",game_track,PC-98,08
th02_09,th02,사랑빛 매직,恋色マジック,Love-Colored Magic,game_track,PC-98,09
th02_10,th02,동방봉마록 ~ 유환난무,東方封魔録　～幽幻乱舞,Eastern Demon-Sealing Record ~ Spectral Boisterous Dance,game_track,PC-98,10
th02_11,th02,Complete Darkness,Complete Darkness,Complete Darkness,game_track,PC-98,11
th02_12,th02,엑스트라 러브,エキストララブ,Extra Love,game_track,PC-98,12
th02_13,th02,전차 소녀가 보는 꿈,戦車むすめのみるゆめ,The Tank Girl's Dream,game_track,PC-98,13
th02_14,th02,토오노의 숲,遠野の森,Forest of Tono,game_track,PC-98,14
th02_15,th02,옛날이야기 원더랜드,昔話わんだーらんど,Legendary Wonderland,game_track,PC-98,15
th02_16,th02,하쿠레이 신사 경내,博麗神社境内,Hakurei Shrine Grounds,game_track,PC-98,16
th02_17,th02,해가 지고,陽落ちて,Sunfall,game_track,PC-98,17
th02_18,th02,봉마종연,封魔終演,Demon-Sealing Finale,game_track,PC-98,18
th03_01,th03,꿈은 시공을 넘어서,夢は時空を越えて,A Dream Transcending Spacetime,game_track,PC-98,01
th03_02,th03,Selection,Selection,Selection,game_track,PC-98,02
th03_03,th03,동방요연담,東方妖恋談,Eastern Mystical Tale of Romance,game_track,PC-98,03
th03_04,th03,Reincarnation,Reincarnation,Reincarnation,game_track,PC-98,04
th03_05,th03,Dim. Dream,Dim. Dream,Dim. Dream,game_track,PC-98,05
th03_06,th03,Tabula rasa ~ 공백소녀,Tabula rasa　～空白少女,Tabula rasa ~ The Empty Girl,game_track,PC-98,06
th03_07,th03,Maniacal Princess,Maniacal Princess,Maniacal Princess,game_track,PC-98,07
th03_08,th03,몽소실 ~ Lost Dream,夢消失　～Lost Dream,Vanishing Dream ~ Lost Dream,game_track,PC-98,08
th03_09,th03,몽환유희 ~ Dream War,夢幻遊戯　～Dream War,Visionary Game ~ Dream War,game_track,PC-98,09
th03_10,th03,승리데모,勝利デモ,Victory Demonstration,game_track,PC-98,10
th03_11,th03,마법결전! ~ Fight it out!,魔法決戦！～Fight it out!,Decisive Magic Battle! ~ Fight it out!,game_track,PC-98,11
th03_12,th03,비통일 마법세계론,非統一魔法世界論,Disunified Field Theory of Magic,game_track,PC-98,12
th03_13,th03,Sailor of Time,Sailor of Time,Sailor of Time,game_track,PC-98,13
th03_14,th03,마법종애,魔法鐘愛,Adoration of Magic,game_track,PC-98,14
th03_15,th03,Strawberry Crisis!!,Strawberry Crisis!!,Strawberry Crisis!!,game_track,PC-98,15
th03_16,th03,구원의 꿈,久遠の夢,Dream of Eternity,game_track,PC-98,16
th03_17,th03,동방의 파란 하늘,東方の青い空,Eastern Blue Sky,game_track,PC-98,17
th03_18,th03,영원의 보름달,永遠の満月,Eternal Full Moon,game_track,PC-98,18
th03_19,th03,Maple Dream...,Maple Dream...,Maple Dream...,game_track,PC-98,19
th03_20,th03,게임오버,ゲームオーバー,Game Over,game_track,PC-98,20
th03_21,th03,영인의 휴일,霊人の休日,Ghostly Person's Holiday,game_track,PC-98,21
th03_22,th03,시간의 바람,時の風,Winds of Time,game_track,PC-98,22
th03_23,th03,스타보우 드림,スターボウドリーム,Starbow Dream,game_track,PC-98,23
th03_24,th03,Phantasmagoria,Phantasmagoria,Phantasmagoria,game_track,PC-98,24
th04_01,th04,환상향 ~ Lotus Land Story,幻想郷　～ Lotus Land Story,Gensokyo ~ Lotus Land Story,game_track,PC-98,01
th04_02,th04,Witching Dream,Witching Dream,Witching Dream,game_track,PC-98,02
th04_03,th04,Selene's light,Selene's Light,Selene's Light,game_track,PC-98,03
th04_04,th04,장식전 ~ Decoration Battle,装飾戦　～ Decoration Battle,Decoration Battle,game_track,PC-98,04
th04_05,th04,Break the Sabbath,Break the Sabbath,Break the Sabbath,game_track,PC-98,05
th04_06,th04,홍향곡 ~ Scarlet Phoneme,紅響曲　～ Scarlet Phoneme,Scarlet Symphony ~ Scarlet Phoneme,game_track,PC-98,06
th04_07,th04,Bad Apple!!,Bad Apple!!,Bad Apple!!,game_track,PC-98,07
th04_08,th04,영전 ~ Perdition crisis,霊戦　～ Perdition crisis,Spirit Battle ~ Perdition crisis,game_track,PC-98,08
th04_09,th04,앨리스 마에스테라,アリスマエステラ,Alice Maestra,game_track,PC-98,09
th04_10,th04,소녀기상곡 ~ Capriccio,少女綺想曲　～ Capriccio,Maiden's Capriccio ~ Capriccio,game_track,PC-98,10
th04_11,th04,별의 그릇 ~ Casket of Star,星の器　～ Casket of Star,Vessel of Stars ~ Casket of Star,game_track,PC-98,11
th04_12,th04,Lotus Love,Lotus Love,Lotus Love,game_track,PC-98,12
th04_13,th04,잠자는 공포 ~ Sleeping Terror,眠れる恐怖　～ Sleeping Terror,Sleeping Terror,game_track,PC-98,13
th04_14,th04,Dream Land,Dream Land,Dream Land,game_track,PC-98,14
th04_15,th04,유몽 ~ Inanimate Dream,幽夢　～ Inanimate Dream,Faint Dream ~ Inanimate Dream,game_track,PC-98,15
th04_16,th04,금지될 수 밖에 없는 유희,禁じざるをえない遊戯,The Inevitably Forbidden Game,game_track,PC-98,16
th04_17,th04,메이드 환상 ~ Icemilk Magic,メイド幻想　～ Icemilk Magic,Illusion of a Maid ~ Icemilk Magic,game_track,PC-98,17
th04_18,th04,귀여운 악마 ~ Innocence,かわいい悪魔　～ Innocence,Cute Devil ~ Innocence,game_track,PC-98,18
th04_19,th04,Days,Days,Days,game_track,PC-98,19
th04_20,th04,Peaceful,Peaceful,Peaceful,game_track,PC-98,20
th04_21,th04,Arcadian Dream,Arcadian Dream,Arcadian Dream,game_track,PC-98,21
th04_22,th04,환상의 주인,幻想の住人,Those Who Live in Illusions,game_track,PC-98,22
th04_23,th04,Lotus Road,Lotus Road,Lotus Road,game_track,PC-98,23
th04_24,th04,Dreamy pilot,Dreamy Pilot,Dreamy Pilot,game_track,PC-98,24
th04_25,th04,Incomplete Plot,Incomplete Plot,Incomplete Plot,game_track,PC-98,25
th04_26,th04,Border Land,Border Land,Border Land,game_track,PC-98,26
th04_27,th04,Magic Shop of Raspberry,Magic Shop of Raspberry,Magic Shop of Raspberry,game_track,PC-98,27
th04_28,th04,Crescent Dream,Crescent Dream,Crescent Dream,game_track,PC-98,28
th04_29,th04,장식전 ~ Decoration Battle (미사용 버전),装飾戦　～ Decoration Battle (未使用バージョン),Decoration Battle (Unused Version),game_track,PC-98,29
th04_30,th04,유몽 ~ Inanimate Dream (미사용 버전),幽夢　～ Inanimate Dream (未使用バージョン),Faint Dream ~ Inanimate Dream (Unused Version),game_track,PC-98,30
th05_01,th05,괴기담 ~ Mystic Square,怪綺談　～ Mystic Square,Bizarre Romantic Story ~ Mystic Square,game_track,PC-98,01
th05_02,th05,Dream Express,Dream Express,Dream Express,game_track,PC-98,02
th05_03,th05,마법진 ~ Magic Square,魔法陣　～ Magic Square,Magic Square,game_track,PC-98,03
th05_04,th05,몽상시공,夢想時空,Dimension of Reverie,game_track,PC-98,04
th05_05,th05,영천 ~ Spiritual Heaven,霊天　～ Spiritual Heaven,Spiritual Heaven,game_track,PC-98,05
th05_06,th05,Romantic Children,Romantic Children,Romantic Children,game_track,PC-98,06
th05_07,th05,플라스틱 마인드,プラスチックマインド,Plastic Mind,game_track,PC-98,07
th05_08,th05,메이플 와이즈,メイプルワイズ,Maple Wise,game_track,PC-98,08
th05_09,th05,금단의 마법 ~ Forbidden Magic,禁断の魔法　～ Forbidden Magic,Forbidden Magic,game_track,PC-98,09
th05_10,th05,진홍의 소녀 ~ Crimson Dead!!,真紅の少女　～ Crimson Dead!!,Crimson Maiden ~ Crimson Dead!!,game_track,PC-98,10
th05_11,th05,배신의 소녀 ~ Judas Kiss,裏切りの少女　～ Judas Kiss,Treacherous Maiden ~ Judas Kiss,game_track,PC-98,11
th05_12,th05,the Last Judgement,the Last Judgement,the Last Judgment,game_track,PC-98,12
th05_13,th05,가엾은 인형 ~ Doll of Misery,悲しき人形　～ Doll of Misery,Doll of Misery,game_track,PC-98,13
th05_14,th05,세계의 끝에서 ~ World's End,世界の果て　～ World's End,End of the World ~ World's End,game_track,PC-98,14
th05_15,th05,신화환상 ~ Infinite Being,神話幻想　～ Infinite Being,Legendary Illusion ~ Infinite Being,game_track,PC-98,15
th05_16,th05,이상한 나라의 앨리스,不思議の国のアリス,Alice in Wonderland,game_track,PC-98,16
th05_17,th05,the Grimoire of Alice,the Grimoire of Alice,the Grimoire of Alice,game_track,PC-98,17
th05_18,th05,신사,神社,Shinto Shrine,game_track,PC-98,18
th05_19,th05,Endless,Endless,Endless,game_track,PC-98,19
th05_20,th05,구원의 낙원,久遠の楽園,Eternal Paradise,game_track,PC-98,20
th05_21,th05,Mystic Dream,Mystic Dream,Mystic Dream,game_track,PC-98,21
th05_22,th05,영혼이 쉬는 곳,魂の休らむ所,Soul's Resting Place,game_track,PC-98,22
th05_23,th05,Peaceful Romancer,Peaceful Romancer,Peaceful Romancer,game_track,PC-98,23
th06_01,th06,붉음보다 붉은 꿈,赤より紅い夢,A Dream More Scarlet than Red,game_track,Windows,01
th06_02,th06,꽈리처럼 붉은 혼,ほおずきみたいに紅い魂,A Soul as Red as a Ground Cherry,game_track,Windows,02
th06_03,th06,요마야행,妖魔夜行,Apparitions Stalk the Night,game_track,Windows,03
th06_04,th06,루네이트 엘프,ルーネイトエルフ,Lunate Elf,game_track,Windows,04
th06_05,th06,말괄량이 연랑,おてんば恋娘,Beloved Tomboyish Girl,game_track,Windows,05
th06_06,th06,상해홍차관 ~ Chinese Tea,上海紅茶館　～ Chinese Tea,Shanghai Scarlet Teahouse ~ Chinese Tea,game_track,Windows,06
th06_07,th06,메이지 17년의 상하이 앨리스,明治十七年の上海アリス,Shanghai Alice of Meiji 17,game_track,Windows,07
th06_08,th06,브와르 마법 도서관,ヴワル魔法図書館,"Voile, the Magic Library",game_track,Windows,08
th06_09,th06,락드 걸 ~ 소녀밀실,ラクトガール　～ 少女密室,Locked Girl ~ The Girl's Sealed Room,game_track,Windows,09
th06_10,th06,메이드와 피의 회중시계,メイドと血の懐中時計,The Maid and the Pocket Watch of Blood,game_track,Windows,10
th06_11,th06,달시계 ~ 루나 다이얼,月時計　～ ルナ・ダイアル,Lunar Clock ~ Lunar Dial,game_track,Windows,11
th06_12,th06,체페슈의 어린 후예,ツェペシュの幼き末裔,The Young Descendant of Țepeș,game_track,Windows,12
th06_13,th06,죽은 왕녀를 위한 셉텟,亡き王女の為のセプテット,Septette for the Dead Princess,game_track,Windows,13
th06_14,th06,마법소녀들의 백년제,魔法少女達の百年祭,The Centennial Festival for Magical Girls,game_track,Windows,14
th06_15,th06,U.N.오웬은 그녀인가?,U.N.オーエンは彼女なのか？,U.N. Owen was Her?,game_track,Windows,15
th06_16,th06,붉음보다 덧없는 영원,紅より儚い永遠,An Eternity More Transient than Scarlet,game_track,Windows,16
th06_17,th06,붉은 누각 ~ Eastern Dream...,紅楼　～ Eastern Dream...,Scarlet Chamber ~ Eastern Dream...,game_track,Windows,17
th07_01,th07,요요몽 ~ Snow or Cherry Petal,妖々夢　～ Snow or Cherry Petal,Ghostly Dream ~ Snow or Cherry Petal,game_track,Windows,01
th07_02,th07,이상향 ~ Deep Mountain,無何有の郷　～ Deep Mountain,Paradise ~ Deep Mountain,game_track,Windows,02
th07_03,th07,크리스탈라이즈 실버,クリスタライズシルバー,Crystallized Silver,game_track,Windows,03
th07_04,th07,토오노 환상 이야기,遠野幻想物語,The Fantastic Tales from Tōno,game_track,Windows,04
th07_05,th07,댜오예쭝(withered leaf),ティアオイエツォン(withered leaf),Diāo Yè Zōng (withered leaf),game_track,Windows,05
th07_06,th07,부쿠레슈티의 인형사,ブクレシュティの人形師,The Doll Maker of București,game_track,Windows,06
th07_07,th07,인형재판 ~ 사람의 형상을 가지고 노는 소녀,人形裁判　～ 人の形弄びし少女,Doll Judgment ~ The Girl Who Played with People's Shapes,game_track,Windows,07
th07_08,th07,천공의 꽃의 도시,天空の花の都,The Capital City of Flowers in the Sky,game_track,Windows,08
th07_09,th07,유령악단 ~ Phantom Ensemble,幽霊楽団　～ Phantom Ensemble,Phantom Band ~ Phantom Ensemble,game_track,Windows,09
th07_10,th07,동방요요몽 ~ Ancient Temple,東方妖々夢　～ Ancient Temple,Eastern Ghostly Dream ~ Ancient Temple,game_track,Windows,10
th07_11,th07,"히로아리, 괴조를 쏘다 ~ Till When?",広有射怪鳥事　～ Till When?,Hiroari Shoots a Strange Bird ~ Till When?,game_track,Windows,11
th07_12,th07,얼티메이트 트루스,アルティメットトゥルース,Ultimate Truth,game_track,Windows,12
th07_13,th07,"유아하게 피어라, 묵염의 벚꽃 ~ Border of Life",幽雅に咲かせ、墨染の桜　～ Border of Life,"Bloom Nobly, Ink-Black Cherry Blossom ~ Border of Life",game_track,Windows,13
th07_14,th07,보더 오브 라이프,ボーダーオブライフ,Border of Life,game_track,Windows,14
th07_15,th07,요요발호,妖々跋扈,Spiritual Domination,game_track,Windows,15
th07_16,th07,소녀환장 ~ Necro-Fantasy,少女幻葬　～ Necro-Fantasy,A Maiden's Illusionary Funeral ~ Necro-Fantasy,game_track,Windows,16
th07_17,th07,요요발호 ~ Who done it!,妖々跋扈　～ Who done it!,Spiritual Domination ~ Who done it!,game_track,Windows,17
th07_18,th07,네크로 판타지아,ネクロファンタジア,Necrofantasia,game_track,Windows,18
th07_19,th07,봄바람의 꿈,春風の夢,Dream of a Spring Breeze,game_track,Windows,19
th07_20,th07,사쿠라사쿠라 ~ Japanize Dream...,さくらさくら　～ Japanize Dream...,"Sakura, Sakura ~ Japanize Dream...",game_track,Windows,20
th075_01,th075,췌몽상,萃夢想,Forgathering Dream,game_track,Fighting,01
th075_02,th075,동방요연담,東方妖恋談,Eastern Mystical Tale of Romance,game_track,Fighting,02
th075_03,th075,소녀기상곡 ~ Capriccio,少女綺想曲　～ Capriccio,Maiden's Capriccio ~ Capriccio,game_track,Fighting,03
th075_04,th075,사랑빛 매직,恋色マジック,Love-Colored Magic,game_track,Fighting,04
th075_05,th075,마녀들의 무도회,魔女達の舞踏会,The Witches' Ball,game_track,Fighting,05
th075_06,th075,메이드와 피의 회중시계,メイドと血の懐中時計,The Maid and the Pocket Watch of Blood,game_track,Fighting,06
th075_07,th075,달시계 ~ 루나 다이얼,月時計　～ ルナ・ダイアル,Lunar Clock ~ Lunar Dial,game_track,Fighting,07
th075_08,th075,부쿠레슈티의 인형사,ブクレシュティの人形師,The Doll Maker of București,game_track,Fighting,08
th075_09,th075,인형재판,人形裁判,Doll Judgment,game_track,Fighting,09
th075_10,th075,락드 걸 ~ 소녀밀실,ラクトガール　～ 少女密室,Locked Girl ~ The Girl's Sealed Room,game_track,Fighting,10
th075_11,th075,브와르 마법 도서관,ヴワル魔法図書館,"Voile, the Magic Library",game_track,Fighting,11
th075_12,th075,"히로아리, 괴조를 쏘다 ~ Till When?",広有射怪鳥事　～ Till When?,Hiroari Shoots a Strange Bird ~ Till When?,game_track,Fighting,12
th075_13,th075,동방요요몽 ~ Ancient Temple,東方妖々夢　～ Ancient Temple,Eastern Ghostly Dream ~ Ancient Temple,game_track,Fighting,13
th075_14,th075,죽은 왕녀를 위한 셉텟,亡き王女の為のセプテット,Septette for the Dead Princess,game_track,Fighting,14
th075_15,th075,"유아하게 피어라, 묵염의 벚꽃 ~ Border of Life",幽雅に咲かせ、墨染の桜　～ Border of Life,"Bloom Nobly, Ink-Black Cherry Blossom ~ Border of Life",game_track,Fighting,15
th075_16,th075,Demystify Feast,Demystify Feast,Demystify Feast,game_track,Fighting,16
th075_17,th075,밤이 내려온다 ~ Evening Star,夜が降りてくる ～ Evening Star,Night Falls ~ Evening Star,game_track,Fighting,17
th075_18,th075,동화나라의 오니들의 섬 ~ Missing Power,御伽の国の鬼が島 ～ Missing Power,The Fabled Land of Onigashima ~ Missing Power,game_track,Fighting,18
th075_19,th075,여름빛,夏明き,End of Summer,game_track,Fighting,19
th075_20,th075,동방췌몽상,東方萃夢想,Eastern Forgathering Dream,game_track,Fighting,20
th075_21,th075,마소,魔所,Demonic Place,game_track,Fighting,21
th075_22,th075,월륜,月輪,The Moon,game_track,Fighting,22
th075_23,th075,편참,遍参,Wanderings,game_track,Fighting,23
th075_24,th075,이심,裏心,Inner Heart,game_track,Fighting,24
th075_25,th075,Intermezzo,Intermezzo,Intermezzo,game_track,Fighting,25
th075_26,th075,동풍,あゆのかぜ,Eastern Wind,game_track,Fighting,26
th075_27,th075,삼한,森閑,Silence,game_track,Fighting,27
th075_28,th075,앙공,仰空,Skygazer,game_track,Fighting,28
th075_29,th075,유경,幽境,Solitary Place,game_track,Fighting,29
th075_30,th075,진객,珍客,Unexpected Visitor,game_track,Fighting,30
th075_31,th075,홍야,紅夜,Scarlet Night,game_track,Fighting,31
th075_32,th075,전신,戦迅,Swift Battle,game_track,Fighting,32
th075_33,th075,화기,禍機,Bad Omen,game_track,Fighting,33
th075_34,th075,쇄월,砕月,Broken Moon,game_track,Fighting,34
th08_01,th08,영야초 ~ Eastern Night,永夜抄　～ Eastern Night,Eternal Night Vignette ~ Eastern Night,game_track,Windows,01
th08_02,th08,환시의 밤 ~ Ghostly Eyes,幻視の夜　～ Ghostly Eyes,Illusionary Night ~ Ghostly Eyes,game_track,Windows,02
th08_03,th08,준준추월 ~ Mooned Insect,蠢々秋月　～ Mooned Insect,Wriggling Autumn Moon ~ Mooned Insect,game_track,Windows,03
th08_04,th08,밤참새의 노랫소리 ~ Night Bird,夜雀の歌声　～ Night Bird,Song of the Night Sparrow ~ Night Bird,game_track,Windows,04
th08_05,th08,이젠 노래밖에 들리지 않아,もう歌しか聞こえない,Deaf to All but the Song,game_track,Windows,05
th08_06,th08,그리운 동방의 피 ~ Old World,懐かしき東方の血　～ Old World,Nostalgic Blood of the East ~ Old World,game_track,Windows,06
th08_07,th08,플레인 아시아,プレインエイジア,Plain Asia,game_track,Windows,07
th08_08,th08,영야의 대가 ~ Imperishable Night,永夜の報い　～ Imperishable Night,Retribution for the Eternal Night ~ Imperishable Night,game_track,Windows,08
th08_09,th08,소녀기상곡 ~ Dream Battle,少女綺想曲　～ Dream Battle,Maiden's Capriccio ~ Dream Battle,game_track,Windows,09
th08_10,th08,사랑색 마스터 스파크,恋色マスタースパーク,Love-Colored Master Spark,game_track,Windows,10
th08_11,th08,신데렐라 케이지 ~ Kagome-Kagome,シンデレラケージ　～ Kagome-Kagome,Cinderella Cage ~ Kagome-Kagome,game_track,Windows,11
th08_12,th08,광기의 눈동자 ~ Invisible Full Moon,狂気の瞳　～ Invisible Full Moon,Lunatic Eyes ~ Invisible Full Moon,game_track,Windows,12
th08_13,th08,보이지 1969,ヴォヤージュ1969,Voyage 1969,game_track,Windows,13
th08_14,th08,천년환상향 ~ History of the Moon,千年幻想郷　～ History of the Moon,Gensokyo Millennium ~ History of the Moon,game_track,Windows,14
th08_15,th08,죽취비상 ~ Lunatic Princess,竹取飛翔　～ Lunatic Princess,Flight of the Bamboo Cutter ~ Lunatic Princess,game_track,Windows,15
th08_16,th08,보이지 1970,ヴォヤージュ1970,Voyage 1970,game_track,Windows,16
th08_17,th08,익스텐드 애쉬 ~ 봉래인,エクステンドアッシュ　～ 蓬莱人,Extend Ash ~ Person of Hourai,game_track,Windows,17
th08_18,th08,"달까지 닿아라, 불사의 연기",月まで届け、不死の煙,"Reach for the Moon, Immortal Smoke",game_track,Windows,18
th08_19,th08,달맞이꽃,月見草,Evening Primrose,game_track,Windows,19
th08_20,th08,Eternal Dream ~ 유현의 단풍나무,Eternal Dream　～ 幽玄の槭樹,Eternal Dream ~ Mystical Maple,game_track,Windows,20
th08_21,th08,동방요괴소정,東方妖怪小町,Eastern Youkai Beauty,game_track,Windows,21
th09_01,th09,화영총 ~ Higan Retour,花映塚 ～ Higan Retour,Flower Reflecting Mound ~ Higan Retour,game_track,Windows,01
th09_02,th09,봄빛 오솔길 ~ Colorful Path,春色小径　～ Colorful Path,Spring Lane ~ Colorful Path,game_track,Windows,02
th09_03,th09,오리엔탈 다크플라이트,オリエンタルダークフライト,Oriental Dark Flight,game_track,Windows,03
th09_04,th09,플라워링 나이트,フラワリングナイト,Flowering Night,game_track,Windows,04
th09_05,th09,동방요요몽 ~ Ancient Temple,東方妖々夢　～ Ancient Temple,Eastern Ghostly Dream ~ Ancient Temple,game_track,Windows,05
th09_06,th09,광기의 눈동자 ~ Invisible Full Moon,狂気の瞳　～ Invisible Full Moon,Lunatic Eyes ~ Invisible Full Moon,game_track,Windows,06
th09_07,th09,말괄량이 연랑의 모험,おてんば恋娘の冒険,Adventure of the Lovestruck Tomboy,game_track,Windows,07
th09_08,th09,유령악단 ~ Phantom Ensemble,幽霊楽団　～ Phantom Ensemble,Phantom Band ~ Phantom Ensemble,game_track,Windows,08
th09_09,th09,이젠 노래밖에 들리지 않아 ~ Flower Mix,もう歌しか聞こえない　～ Flower Mix,Deaf to All but the Song ~ Flower Mix,game_track,Windows,09
th09_10,th09,우사님의 새하얀 깃발,お宇佐さまの素い幡,White Flag of Usa Shrine,game_track,Windows,10
th09_11,th09,풍신소녀,風神少女,Wind God Girl,game_track,Windows,11
th09_12,th09,포이즌 바디 ~ Forsaken Doll,ポイズンボディ　～ Forsaken Doll,Poison Body ~ Forsaken Doll,game_track,Windows,12
th09_13,th09,금석환상향 ~ Flower Land,今昔幻想郷　～ Flower Land,"Gensokyo, Past and Present ~ Flower Land",game_track,Windows,13
th09_14,th09,피안귀항 ~ Riverside View,彼岸帰航　～ Riverside View,Higan Retour ~ Riverside View,game_track,Windows,14
th09_15,th09,60년만의 동방재판 ~ Fate of Sixty Years,六十年目の東方裁判　～ Fate of Sixty Years,Eastern Judgement in the Sixtieth Year ~ Fate of Sixty Years,game_track,Windows,15
th09_16,th09,꽃이 비치는 무덤,花の映る塚,The Mound where the Flowers Reflect,game_track,Windows,16
th09_17,th09,피안의 언덕,此岸の塚,Mound of Shigan,game_track,Windows,17
th09_18,th09,꽃은 환상대로,花は幻想のままに,The Flowers Remain in Fantasy,game_track,Windows,18
th09_19,th09,혼의 꽃 ~ Another Dream…,魂の花　～ Another Dream...,Flower of Soul ~ Another Dream...,game_track,Windows,19
th095_01,th095,텐구의 수첩 ~ Mysterious Note,天狗の手帖　～ Mysterious Note,Tengu's Notebook ~ Mysterious Note,game_track,Spinoff,01
th095_02,th095,바람의 순환 ~ Wind Tour,風の循環　～ Wind Tour,Wind Circulation ~ Wind Tour,game_track,Spinoff,02
th095_03,th095,텐구가 보고 있다 ~ Black Eyes,天狗が見ている　～ Black Eyes,Tengu is Watching ~ Black Eyes,game_track,Spinoff,03
th095_04,th095,동쪽 나라의 잠들지 않는 밤,東の国の眠らない夜,Sleepless Night of the Eastern Country,game_track,Spinoff,04
th095_05,th095,레트로스펙티브 쿄토,レトロスペクティブ京都,Retrospective Kyoto,game_track,Spinoff,05
th095_06,th095,풍신소녀,風神少女,Wind God Girl,game_track,Spinoff,06
th10_01,th10,봉인된 신들,封印されし神々,Sealed Gods,game_track,Windows,01
th10_02,th10,인간을 사랑한 신 ~ Romantic Fall,人恋し神様　～ Romantic Fall,A God That Misses People ~ Romantic Fall,game_track,Windows,02
th10_03,th10,이나다히메님께 야단맞으니까,稲田姫様に叱られるから,Because Princess Inada Is Scolding Me,game_track,Windows,03
th10_04,th10,재앙신께서 다니시는 길 ~ Dark Road,厄神様の通り道　～ Dark Road,The Road of the Misfortune God ~ Dark Road,game_track,Windows,04
th10_05,th10,운명의 다크사이드,運命のダークサイド,Dark Side of Fate,game_track,Windows,05
th10_06,th10,신들이 사랑한 환상향,神々が恋した幻想郷,The Gensokyo the Gods Loved,game_track,Windows,06
th10_07,th10,아쿠타가와 류노스케의 캇파 ~ Candid Friend,芥川龍之介の河童　～ Candid Friend,"Akutagawa Ryuunosuke's ""Kappa"" ~ Candid Friend",game_track,Windows,07
th10_08,th10,폴 오브 폴 ~ 가을다워지는 폭포,フォールオブフォール　～ 秋めく滝,Fall of Fall ~ Autumnal Waterfall,game_track,Windows,08
th10_09,th10,요괴의 산 ~ Mysterious Mountain,妖怪の山　～ Mysterious Mountain,Youkai Mountain ~ Mysterious Mountain,game_track,Windows,09
th10_10,th10,소녀가 본 일본의 원풍경,少女が見た日本の原風景,The Primal Scene of Japan the Girl Saw,game_track,Windows,10
th10_11,th10,신앙은 덧없는 인간을 위해,信仰は儚き人間の為に,Faith Is for the Transient People,game_track,Windows,11
th10_12,th10,기둥의 묘지 ~ Grave of Being,御柱の墓場　～ Grave of Being,Cemetery of Onbashira ~ Grave of Being,game_track,Windows,12
th10_13,th10,신성하고 장엄한 옛 전장 ~ Suwa Foughten Field,神さびた古戦場　～ Suwa Foughten Field,The Venerable Ancient Battlefield ~ Suwa Foughten Field,game_track,Windows,13
th10_14,th10,"내일은 휴일, 어제는 평일",明日ハレの日、ケの昨日,"Tomorrow Will Be Special, Yesterday Was Not",game_track,Windows,14
th10_15,th10,네이티브 페이스,ネイティブフェイス,Native Faith,game_track,Windows,15
th10_16,th10,산기슭의 신사,麓の神社,Shrine at the Foot of the Mountain,game_track,Windows,16
th10_17,th10,신은 은혜의 비를 내리니 ~ Sylphid Dream,神は恵みの雨を降らす　～ Sylphid Dream,The Gods Give Us Blessed Rain ~ Sylphid Dream,game_track,Windows,17
th10_18,th10,플레이어즈 스코어,プレイヤーズスコア,Player's Score,game_track,Windows,18
th105_01,th105,비상천,緋想天,Heaven of Scarlet Perception,game_track,Fighting,01
th105_02,th105,일상좌와,日常坐臥,Usual Days,game_track,Fighting,02
th105_03,th105,땅의 색깔은 노랑색,地の色は黄色,The Ground's Color is Yellow,game_track,Fighting,03
th105_04,th105,갑론을박,甲論乙駁,Argue for and Against,game_track,Fighting,04
th105_05,th105,풍광명미,風光明媚,Beautiful Nature Sight,game_track,Fighting,05
th105_06,th105,향기나는 수엽화,香る樹葉花,Fragrant Plants,game_track,Fighting,06
th105_07,th105,춤추는 물보라,踊る水飛沫,Dancing Water Spray,game_track,Fighting,07
th105_08,th105,이어구승,以魚駆蠅,Swing a Fish to Drive Away Flies,game_track,Fighting,08
th105_09,th105,방종불기,放縦不羈,Free and Easy,game_track,Fighting,09
th105_10,th105,비웃음의 유희,嘲りの遊戯,Ridiculous Game,game_track,Fighting,10
th105_11,th105,냉음한취,冷吟閑酔,Drunk as I Like,game_track,Fighting,11
th105_12,th105,운외창천,雲外蒼天,Skies Beyond the Clouds,game_track,Fighting,12
th105_13,th105,검은 바다에 붉음을 ~ Legendary Fish,黒い海に紅く　～ Legendary Fish,Crimson in the Black Sea ~ Legendary Fish,game_track,Fighting,13
th105_14,th105,천의무봉,天衣無縫,Flawless as Clothing of the Celestials,game_track,Fighting,14
th105_15,th105,유정천변 ~ Wonderful Heaven,有頂天変　～ Wonderful Heaven,Catastrophe in Bhavaagra ~ Wonderful Heaven,game_track,Fighting,15
th105_16,th105,유심지의 유정천,幼心地の有頂天,Bhavaagra As Seen Through a Child's Mind,game_track,Fighting,16
th105_17,th105,모색창연,暮色蒼然,Darkening Dusk,game_track,Fighting,17
th105_18,th105,동방비상천,東方緋想天,Eastern Heaven of Scarlet Perception,game_track,Fighting,18
th105_19,th105,동방요연담,東方妖恋談,Eastern Mystical Tale of Romance,game_track,Fighting,19
th105_20,th105,별의 그릇 ~ Casket of Star,星の器　～ Casket of Star,Vessel of Stars ~ Casket of Star,game_track,Fighting,20
th105_21,th105,플라워링 나이트,フラワリングナイト,Flowering Night,game_track,Fighting,21
th105_22,th105,부쿠레슈티의 인형사,ブクレシュティの人形師,The Doll Maker of București,game_track,Fighting,22
th105_23,th105,"히로아리, 괴조를 쏘다 ~ Till When?",広有射怪鳥事　～ Till When?,Hiroari Shoots a Strange Bird ~ Till When?,game_track,Fighting,23
th105_24,th105,락드 걸 ~ 소녀밀실,ラクトガール　～ 少女密室,Locked Girl ~ The Girl's Sealed Room,game_track,Fighting,24
th105_25,th105,"유아하게 피어라, 묵염의 벚꽃 ~ Border of Life",幽雅に咲かせ、墨染の桜　～ Border of Life,"Bloom Nobly, Ink-Black Cherry Blossom ~ Border of Life",game_track,Fighting,25
th105_26,th105,죽은 왕녀를 위한 셉텟,亡き王女の為のセプテット,Septette for the Dead Princess,game_track,Fighting,26
th105_27,th105,밤이 내려온다 ~ Evening Star,夜が降りてくる ～ Evening Star,Night Falls ~ Evening Star,game_track,Fighting,27
th105_28,th105,쇄월,砕月,Broken Moon,game_track,Fighting,28
th105_29,th105,광기의 눈동자 ~ Invisible Full Moon,狂気の瞳　～ Invisible Full Moon,Lunatic Eyes ~ Invisible Full Moon,game_track,Fighting,29
th105_30,th105,풍신소녀,風神少女,Wind God Girl,game_track,Fighting,30
th105_31,th105,피안귀항 ~ Riverside View,彼岸帰航　～ Riverside View,Higan Retour ~ Riverside View,game_track,Fighting,31
th11_01,th11,지령들의 기상,地霊達の起床,Awakening of the Earth Spirits,game_track,Windows,01
th11_02,th11,어둠의 풍혈,暗闇の風穴,The Dark Blowhole,game_track,Windows,02
th11_03,th11,봉인당한 요괴 ~ Lost Place,封じられた妖怪　～ Lost Place,The Sealed-Away Youkai ~ Lost Place,game_track,Windows,03
th11_04,th11,건너는 발길이 끊어진 다리,渡る者の途絶えた橋,The Bridge People No Longer Cross,game_track,Windows,04
th11_05,th11,녹안의 질투,緑眼のジェラシー,Green-Eyed Jealousy,game_track,Windows,05
th11_06,th11,옛 지옥 길거리를 가다,旧地獄街道を行く,Walking the Streets of a Former Hell,game_track,Windows,06
th11_07,th11,꽃의 술잔 오오에야마,華のさかづき大江山,A Flower-Studded Saké Dish on Mt. Ooe,game_track,Windows,07
th11_08,th11,하트펠트 팬시,ハートフェルトファンシー,Heartfelt Fancy,game_track,Windows,08
th11_09,th11,소녀 사토리 ~ 3rd eye,少女さとり　～ 3rd eye,Satori Maiden ~ 3rd eye,game_track,Windows,09
th11_10,th11,폐옥 럴러바이,廃獄ララバイ,Lullaby of Deserted Hell,game_track,Windows,10
th11_11,th11,시체여행 ~ Be of good cheer!,死体旅行　～ Be of good cheer!,Corpse Voyage ~ Be of good cheer!,game_track,Windows,11
th11_12,th11,업화 맨틀,業火マントル,Hellfire Mantle,game_track,Windows,12
th11_13,th11,영지의 태양신앙 ~ Nuclear Fusion,霊知の太陽信仰　～ Nuclear Fusion,Solar Sect of Mystic Wisdom ~ Nuclear Fusion,game_track,Windows,13
th11_14,th11,라스트 리모트,ラストリモート,Last Remote,game_track,Windows,14
th11_15,th11,하르트만의 요괴소녀,ハルトマンの妖怪少女,Hartmann's Youkai Girl,game_track,Windows,15
th11_16,th11,지령들의 귀가,地霊達の帰宅,The Earth Spirits' Homecoming,game_track,Windows,16
th11_17,th11,에너지 여명 ~ Future Dream...,エネルギー黎明 ～ Future Dream...,Energy Daybreak ~ Future Dream...,game_track,Windows,17
th11_18,th11,플레이어즈 스코어,プレイヤーズスコア,Player's Score,game_track,Windows,18
th12_01,th12,푸른 하늘의 그림자,青空の影,A Shadow in the Blue Sky,game_track,Windows,01
th12_02,th12,봄의 항구에서,春の湊に,At the Harbor of Spring,game_track,Windows,02
th12_03,th12,작디작은 현장,小さな小さな賢将,"A Tiny, Tiny, Clever Commander",game_track,Windows,03
th12_04,th12,닫힌 구름의 통로,閉ざせし雲の通い路,The Sealed Cloud Route,game_track,Windows,04
th12_05,th12,만년 방치된 우산에 주의를,万年置き傘にご注意を,Beware the Umbrella Left There Forever,game_track,Windows,05
th12_06,th12,스카이 루인,スカイルーイン,Sky Ruin,game_track,Windows,06
th12_07,th12,구세대 아저씨와 신세대 소녀,時代親父とハイカラ少女,The Traditional Old Man and the Stylish Girl,game_track,Windows,07
th12_08,th12,유령객선의 시공을 뛰어넘는 여행,幽霊客船の時空を越えた旅,Interdimensional Voyage of a Ghostly Passenger Ship,game_track,Windows,08
th12_09,th12,캡틴 무라사,キャプテン・ムラサ,Captain Murasa,game_track,Windows,09
th12_10,th12,마계 지방도시 에소테리아,魔界地方都市エソテリア,Rural Makai City Esoteria,game_track,Windows,10
th12_11,th12,범무늬의 비사문천,虎柄の毘沙門天,The Tiger-Patterned Bishamonten,game_track,Windows,11
th12_12,th12,법계의 불,法界の火,Fires of Hokkai,game_track,Windows,12
th12_13,th12,감정의 마천루 ~ Cosmic Mind,感情の摩天楼　～ Cosmic Mind,Emotional Skyscraper ~ Cosmic Mind,game_track,Windows,13
th12_14,th12,밤하늘의 UFO 로망스,夜空のユーフォーロマンス,UFO Romance in the Night Sky,game_track,Windows,14
th12_15,th12,헤이안의 에일리언,平安のエイリアン,Heian Alien,game_track,Windows,15
th12_16,th12,요괴사,妖怪寺,Youkai Temple,game_track,Windows,16
th12_17,th12,하늘의 돌아오는 길 ~ Sky Dream,空の帰り道　～ Sky Dream,Returning Home from the Sky ~ Sky Dream,game_track,Windows,17
th12_18,th12,플레이어즈 스코어,プレイヤーズスコア,Player's Score,game_track,Windows,18
th123_01,th123,그대는 그 그림자를 보았는가?,君はあの影を見たか？,Did You See that Shadow?,game_track,Fighting,01
th123_02,th123,췌몽상,萃夢想,Forgathering Dream,game_track,Fighting,02
th123_03,th123,전설의 거신,伝説の巨神,The Legendary Titan,game_track,Fighting,03
th123_04,th123,신앙은 덧없는 인간을 위해,信仰は儚き人間の為に,Faith Is for the Transient People,game_track,Fighting,04
th123_05,th123,말괄량이 연랑,おてんば恋娘,Beloved Tomboyish Girl,game_track,Fighting,05
th123_06,th123,인형이 있는 풍경,人形のある風景,Scenery with Dolls,game_track,Fighting,06
th123_07,th123,상해홍차관 ~ Chinese Tea,上海紅茶館　～ Chinese Tea,Shanghai Scarlet Teahouse ~ Chinese Tea,game_track,Fighting,07
th123_08,th123,영지의 태양신앙 ~ Nuclear Fusion,霊知の太陽信仰　～ Nuclear Fusion,Solar Sect of Mystic Wisdom ~ Nuclear Fusion,game_track,Fighting,08
th123_09,th123,우리들의 비상천칙,ぼくらの非想天則,Our Hisoutensoku,game_track,Fighting,09
th123_10,th123,언노운X ~ Unfound Adventure,アンノウンＸ　～ Unfound Adventure,Unknown X ~ Unfound Adventure,game_track,Fighting,10
th123_11,th123,하늘에 떠오른 물체X,空に浮かぶ物体Ｘ,"X, the Floating Object in the Sky",game_track,Fighting,11
th123_12,th123,이색연화접 ~ Ancients,二色蓮花蝶　～ Ancients,Dichromatic Lotus Butterfly ~ Ancients,game_track,Fighting,12
th123_13,th123,사랑빛 매직,恋色マジック,Love-Colored Magic,game_track,Fighting,13
th123_14,th123,the Grimoire of Alice,the Grimoire of Alice,the Grimoire of Alice,game_track,Fighting,14
th123_15,th123,브와르 마법 도서관,ヴワル魔法図書館,"Voile, the Magic Library",game_track,Fighting,15
th123_16,th123,"내일은 휴일, 어제는 평일",明日ハレの日、ケの昨日,"Tomorrow Will Be Special, Yesterday Was Not",game_track,Fighting,16
th123_17,th123,유구한 증기기관,悠久の蒸気機関,The Eternal Steam Engine,game_track,Fighting,17
th123_18,th123,거대한 그림자와 작은 결말,巨大な影と小さな結末,A Huge Shadow and a Tiny Conclusion,game_track,Fighting,18
th123_19,th123,동방요연담 (세기말 버전),東方妖恋談 (世紀末バージョン),Eastern Mystical Tale of Romance (Century's End Version),game_track,Fighting,19
th125_01,th125,뉴스 하운드,ニュースハウンド,Newshound,game_track,Spinoff,01
th125_02,th125,당신네 마을의 괴사건,あなたの町の怪事件,The Mystery in Your Town,game_track,Spinoff,02
th125_03,th125,요괴 모던 콜로니,妖怪モダンコロニー,Youkai Modern Colony,game_track,Spinoff,03
th125_04,th125,네메시스의 요새,ネメシスの要塞,Nemesis's Stronghold,game_track,Spinoff,04
th125_05,th125,무간의 종 ~ Infinite Nightmare,無間の鐘　～ Infinite Nightmare,Bell of Avīci ~ Infinite Nightmare,game_track,Spinoff,05
th125_06,th125,요괴의 산 ~ Mysterious Mountain,妖怪の山　～ Mysterious Mountain,Youkai Mountain ~ Mysterious Mountain,game_track,Spinoff,06
th125_07,th125,하타테 잠금 해제,はたてアンロック,Hatate Unlock,game_track,Spinoff,07
th128_01,th128,봄의 얼음요정,春の氷精,An Ice Fairy in Spring,game_track,Spinoff,01
th128_02,th128,귀여운 대전쟁의 리프레인,可愛い大戦争のリフレーン,The Refrain of the Lovely Great War,game_track,Spinoff,02
th128_03,th128,장난에 목숨을 걸고,いたずらに命をかけて,Staking Your Life on a Prank,game_track,Spinoff,03
th128_04,th128,온종일 정신없는 호기심,年中夢中の好奇心,Year-Round Absorbed Curiosity,game_track,Spinoff,04
th128_05,th128,한밤중의 페어리 댄스,真夜中のフェアリーダンス,A Midnight Fairy Dance,game_track,Spinoff,05
th128_06,th128,요정대전쟁 ~ Fairy Wars,妖精大戦争　～ Fairy Wars,Great Fairy Wars ~ Fairy Wars,game_track,Spinoff,06
th128_07,th128,루즈 레인,ルーズレイン,Loose Rain,game_track,Spinoff,07
th128_08,th128,메이거스 나이트,メイガスナイト,Magus Night,game_track,Spinoff,08
th128_09,th128,봄의 얼음요정 - 고요함 -,春の氷精　- 静 -,An Ice Fairy in Spring - still -,game_track,Spinoff,09
th128_10,th128,플레이어즈 스코어,プレイヤーズスコア,Player's Score,game_track,Spinoff,10
th13_01,th13,욕심쟁이 영혼,欲深き霊魂,Spirit of Avarice,game_track,Windows,01
th13_02,th13,사령의 밤 벚꽃,死霊の夜桜,Night Sakura of Dead Spirits,game_track,Windows,02
th13_03,th13,고스트 리드,ゴーストリード,Ghost Lead,game_track,Windows,03
th13_04,th13,요괴의 절에 어서오세요,妖怪寺へようこそ,Welcome to Youkai Temple,game_track,Windows,04
th13_05,th13,절 문간의 요괴 소녀,門前の妖怪小娘,Youkai Girl at the Gate,game_track,Windows,05
th13_06,th13,멋진 묘지에서 살아 봅시다,素敵な墓場で暮しましょ,Let's Live in a Lovely Cemetery,game_track,Windows,06
th13_07,th13,리지드 파라다이스,リジッドパラダイス,Rigid Paradise,game_track,Windows,07
th13_08,th13,디자이어 드라이브,デザイアドライブ,Desire Drive,game_track,Windows,08
th13_09,th13,오랜 위안셴,古きユアンシェン,Old Yuanxian,game_track,Windows,09
th13_10,th13,몽전대사묘,夢殿大祀廟,The Hall of Dreams' Great Mausoleum,game_track,Windows,10
th13_11,th13,오오미와 신화전,大神神話伝,Omiwa Legend,game_track,Windows,11
th13_12,th13,작은 욕망의 별하늘,小さな欲望の星空,Starry Sky of Small Desires,game_track,Windows,12
th13_13,th13,쇼토쿠전설 ~ True Administrator,聖徳伝説　～　True Administrator,Shoutoku Legend ~ True Administrator,game_track,Windows,13
th13_14,th13,요괴 뒤쪽 참배길,妖怪裏参道,Youkai Shrine's Back Road,game_track,Windows,14
th13_15,th13,사도의 후타츠이와,佐渡の二ッ岩,Futatsuiwa from Sado,game_track,Windows,15
th13_16,th13,신사의 새로운 바람,神社の新しい風,A New Wind at the Shrine,game_track,Windows,16
th13_17,th13,디자이어 드림,デザイアドリーム,Desire Dream,game_track,Windows,17
th13_18,th13,플레이어즈 스코어,プレイヤーズスコア,Player's Score,game_track,Windows,18
th135_01,th135,속세불변의 페시미즘 ~ 심기루 하야시,塵界不変のペシミズム～心綺楼囃子,This Dull World's Unchanging Pessimism ~ Shinkirou Orchestra,game_track,Spinoff,01
th135_02,th135,봄빛 오솔길 ~ Colorful Path,春色小径　～ Colorful Path,Spring Lane ~ Colorful Path,game_track,Spinoff,02
th135_03,th135,메이거스 나이트,メイガスナイト,Magus Night,game_track,Spinoff,03
th135_04,th135,구세대 아저씨와 신세대 소녀,時代親父とハイカラ少女,The Traditional Old Man and the Stylish Girl,game_track,Spinoff,04
th135_05,th135,감정의 마천루 ~ Cosmic Mind,感情の摩天楼　～ Cosmic Mind,Emotional Skyscraper ~ Cosmic Mind,game_track,Spinoff,05
th135_06,th135,오오미와 신화전,大神神話伝,Omiwa Legend,game_track,Spinoff,06
th135_07,th135,쇼토쿠전설 ~ True Administrator,聖徳伝説　～　True Administrator,Shoutoku Legend ~ True Administrator,game_track,Spinoff,07
th135_08,th135,아쿠타가와 류노스케의 캇파 ~ Candid Friend,芥川龍之介の河童　～ Candid Friend,"Akutagawa Ryuunosuke's ""Kappa"" ~ Candid Friend",game_track,Spinoff,08
th135_09,th135,하르트만의 요괴소녀,ハルトマンの妖怪少女,Hartmann's Youkai Girl,game_track,Spinoff,09
th135_10,th135,사도의 후타츠이와,佐渡の二ッ岩,Futatsuiwa from Sado,game_track,Spinoff,10
th135_11,th135,환상향의 후타츠이와,幻想郷の二ッ岩,Futatsuiwa from Gensokyo,game_track,Spinoff,11
th135_12,th135,망실의 이모션,亡失のエモーション,The Lost Emotion,game_track,Spinoff,12
th135_13,th135,속세불변의 페시미즘,塵界不変のペシミズム,This Dull World's Unchanging Pessimism,game_track,Spinoff,13
th135_14,th135,심기루 하야시,心綺楼囃子,Shinkirou Orchestra,game_track,Spinoff,14
th135_15,th135,새벽구름,暁雲,Morning Clouds,game_track,Spinoff,15
th135_16,th135,관판황혼신문,官板黄昏新聞,Officially-Sanctioned Twilight Newspaper,game_track,Spinoff,16
th135_17,th135,오늘의 1면 기사,本日の一面記事,Today's Front-Page Headline,game_track,Spinoff,17
th135_18,th135,심기루제 하야시,心綺楼祭囃子,Shinkirou Festival Orchestra,game_track,Spinoff,18
th135_19,th135,인기 있는 장소,人気のある場所,A Popular Location,game_track,Spinoff,19
th135_20,th135,인기 없는 장소,人気のない場所,An Unpopular Location,game_track,Spinoff,20
th135_21,th135,사용되지 않은 장소,使われなかった場所,An Unused Location,game_track,Spinoff,21
th135_22,th135,축시 3각의 마을,丑三つ時の里,The Village in the Dead of Night,game_track,Spinoff,22
th135_23,th135,연자선택,演者選択,Performer Selection,game_track,Spinoff,23
th135_24,th135,인기폭발 / 하쿠레이 레이무,人気爆発／博麗霊夢,Popularity Boom / Reimu Hakurei,game_track,Spinoff,24
th135_25,th135,인기폭발 / 키리사메 마리사,人気爆発／霧雨魔理沙,Popularity Boom / Marisa Kirisame,game_track,Spinoff,25
th135_26,th135,인기폭발 / 쿠모이 이치린 & 운잔,人気爆発／雲居一輪＆雲山,Popularity Boom / Ichirin Kumoi & Unzan,game_track,Spinoff,26
th135_27,th135,인기폭발 / 히지리 뱌쿠렌,人気爆発／聖白蓮,Popularity Boom / Byakuren Hijiri,game_track,Spinoff,27
th135_28,th135,인기폭발 / 모노노베노 후토,人気爆発／物部布都,Popularity Boom / Mononobe no Futo,game_track,Spinoff,28
th135_29,th135,인기폭발 / 토요사토미미노 미코,人気爆発／豊聡耳神子,Popularity Boom / Toyosatomimi no Miko,game_track,Spinoff,29
th135_30,th135,인기폭발 / 카와시로 니토리,人気爆発／河城にとり,Popularity Boom / Nitori Kawashiro,game_track,Spinoff,30
th135_31,th135,인기폭발 / 코메이지 코이시,人気爆発／古明地こいし,Popularity Boom / Koishi Komeiji,game_track,Spinoff,31
th135_32,th135,인기폭발 / 후타츠이와 마미조,人気爆発／二ッ岩マミゾウ,Popularity Boom / Mamizou Futatsuiwa,game_track,Spinoff,32
th135_33,th135,인기폭발 / 하타노 코코로,人気爆発／秦こころ,Popularity Boom / Hata no Kokoro,game_track,Spinoff,33
th135_34,th135,라스트 워드 발동,ラストワード発動,Last Word Unleashed,game_track,Spinoff,34
th14_01,th14,이상한 불제봉,不思議なお祓い棒,Mysterious Purification Rod,game_track,Windows,01
th14_02,th14,미스트 레이크,ミストレイク,Mist Lake,game_track,Windows,02
th14_03,th14,비경의 머메이드,秘境のマーメイド,Mermaid from the Uncharted Land,game_track,Windows,03
th14_04,th14,운하를 다니는 인요,運河を行き交う人妖,Humans and Youkai Traversing the Canal,game_track,Windows,04
th14_05,th14,버드나무 아래의 듀라한,柳の下のデュラハン,Dullahan Under the Willows,game_track,Windows,05
th14_06,th14,만월의 죽림,満月の竹林,Bamboo Forest of the Full Moon,game_track,Windows,06
th14_07,th14,고독한 웨어울프,孤独なウェアウルフ,Lonesome Werewolf,game_track,Windows,07
th14_08,th14,매지컬 스톰,マジカルストーム,Magical Storm,game_track,Windows,08
th14_09,th14,환상 정유리,幻想浄瑠璃,Illusionary Joururi,game_track,Windows,09
th14_10,th14,공중에 가라앉은 휘침성,空中に沈む輝針城,The Shining Needle Castle Sinking in the Air,game_track,Windows,10
th14_11,th14,리버스 이데올로기,リバースイデオロギー,Reverse Ideology,game_track,Windows,11
th14_12,th14,침소봉대의 천수각,針小棒大の天守閣,The Exaggerated Castle Keep,game_track,Windows,12
th14_13,th14,빛나는 바늘을 지닌 소인족 ~ Little Princess,輝く針の小人族　〜 Little Princess,Inchlings of the Shining Needle ~ Little Princess,game_track,Windows,13
th14_14,th14,마력의 뇌운,魔力の雷雲,Thunderclouds of Magical Power,game_track,Windows,14
th14_15,th14,원시의 비트 ~ Pristine Beat,始原のビート　〜 Pristine Beat,Primordial Beat ~ Pristine Beat,game_track,Windows,15
th14_16,th14,요술망치의 마력,小槌の魔力,Magical Power of the Mallet,game_track,Windows,16
th14_17,th14,이상하고 이상한 도구들,不思議な不思議な道具達,"Mysterious, Mysterious Tools",game_track,Windows,17
th14_18,th14,플레이어즈 스코어,プレイヤーズスコア,Player's Score,game_track,Windows,18
th143_01,th143,반칙의 신호를 올려라,反則の狼煙を上げろ,Raise the Signal Fire of Cheating,game_track,Spinoff,01
th143_02,th143,불가능한 탄막에는 반칙을,不可能弾幕には反則を,Cheat Against the Impossible Danmaku,game_track,Spinoff,02
th143_03,th143,미드나이트 스펠카드,ミッドナイトスペルカード,Midnight Spell Card,game_track,Spinoff,03
th143_04,th143,로맨틱 도망 비행,ロマンチック逃旅行,Romantic Escape Flight,game_track,Spinoff,04
th143_05,th143,영원한 삼일천하,永遠の三日天下,Eternal Transient Reign,game_track,Spinoff,05
th143_06,th143,비경의 머메이드,秘境のマーメイド,Mermaid from the Uncharted Land,game_track,Spinoff,06
th143_07,th143,리버스 이데올로기,リバースイデオロギー,Reverse Ideology,game_track,Spinoff,07
th143_08,th143,환상 정유리,幻想浄瑠璃,Illusionary Joururi,game_track,Spinoff,08
th143_09,th143,요괴의 산 ~ Mysterious Mountain,妖怪の山　～ Mysterious Mountain,Youkai Mountain ~ Mysterious Mountain,game_track,Spinoff,09
th145_01,th145,마음을 들썩이는 도시전설,心揺さぶる都市伝説,Heart-Stirring Urban Legends,game_track,Spinoff,01
th145_02,th145,환상향 불가사의 발견,幻想郷ふしぎ発見,Gensokyo Mystery Discovery,game_track,Spinoff,02
th145_03,th145,공이 있는 일상,ボールのある日常,An Everyday Life with Balls,game_track,Spinoff,03
th145_04,th145,오컬트 아 라 카르트,オカルトアラカルト,Occult à la Carte,game_track,Spinoff,04
th145_05,th145,나타난 전승의 형태,顕現した伝承の形,Forms of Manifested Folklore,game_track,Spinoff,05
th145_06,th145,일곱 구슬 수집 쇼다운,七玉蒐集ショウダウン,Seven-Orb Collection Showdown,game_track,Spinoff,06
th145_07,th145,시대의 풍조의 방문,時代の風の訪れ,Arrival of the Winds of the Era,game_track,Spinoff,07
th145_08,th145,공정한 쟁탈전,公正なる奪い合い,Fair Scramble,game_track,Spinoff,08
th145_09,th145,가치를 모르겠어,価値がわからない,The Value Is Unrealized,game_track,Spinoff,09
th145_10,th145,대척점의 종,対蹠地の鐘,Bell of the Antipodes,game_track,Spinoff,10
th145_11,th145,가능성을 믿고서,可能性を信じて,Believe in Possibilities,game_track,Spinoff,11
th145_12,th145,죽림 인 플레임,竹林インフレイム,Bamboo Forest in Flames,game_track,Spinoff,12
th145_13,th145,진실을 아는 자,真実を知る者,Those Who Know the Truth,game_track,Spinoff,13
th145_14,th145,꽃 틈새의 배틀필드,華狭間のバトルフィールド,Battlefield of the Flower Threshold,game_track,Spinoff,14
th145_15,th145,바깥 세계 포크로어,外界フォークロア,Outside World Folklore,game_track,Spinoff,15
th145_16,th145,라스트 오컬티즘 ~ 현세의 비술사,ラストオカルティズム　～　現し世の秘術師,Last Occultism ~ Esotericist of the Present World,game_track,Spinoff,16
th145_17,th145,각자의 결말,各々の結末,Each Ending,game_track,Spinoff,17
th145_18,th145,밝혀지는 심비,明かされる深秘,The Arcane Is Revealed,game_track,Spinoff,18
th145_19,th145,이색연화접 ~ Red and White,二色蓮花蝶 ～ Red And White,Dichromatic Lotus Butterfly ~ Red and White,game_track,Spinoff,19
th145_20,th145,사랑색 마스터 스파크,恋色マスタースパーク,Love-Colored Master Spark,game_track,Spinoff,20
th145_21,th145,구세대 아저씨와 신세대 소녀,時代親父とハイカラ少女,The Traditional Old Man and the Stylish Girl,game_track,Spinoff,21
th145_22,th145,감정의 마천루 ~ Cosmic Mind,感情の摩天楼　～ Cosmic Mind,Emotional Skyscraper ~ Cosmic Mind,game_track,Spinoff,22
th145_23,th145,오오미와 신화전,大神神話伝,Omiwa Legend,game_track,Spinoff,23
th145_24,th145,쇼토쿠전설 ~ True Administrator,聖徳伝説　～　True Administrator,Shoutoku Legend ~ True Administrator,game_track,Spinoff,24
th145_25,th145,아쿠타가와 류노스케의 캇파 ~ Candid Friend,芥川龍之介の河童　～ Candid Friend,"Akutagawa Ryuunosuke's ""Kappa"" ~ Candid Friend",game_track,Spinoff,25
th145_26,th145,하르트만의 요괴소녀,ハルトマンの妖怪少女,Hartmann's Youkai Girl,game_track,Spinoff,26
th145_27,th145,환상향의 후타츠이와,幻想郷の二ッ岩,Futatsuiwa from Gensokyo,game_track,Spinoff,27
th145_28,th145,망실의 이모션,亡失のエモーション,The Lost Emotion,game_track,Spinoff,28
th145_29,th145,"달까지 닿아라, 불사의 연기",月まで届け、不死の煙,"Reach for the Moon, Immortal Smoke",game_track,Spinoff,29
th145_30,th145,빛나는 바늘을 지닌 소인족 ~ Little Princess,輝く針の小人族　〜 Little Princess,Inchlings of the Shining Needle ~ Little Princess,game_track,Spinoff,30
th145_ps4_01,th145,광기의 눈동자 ~ Invisible Full Moon,狂気の瞳　～ Invisible Full Moon,Lunatic Eyes ~ Invisible Full Moon,game_track,Spinoff,01
th145_ps4_02,th145,네오 죽림 인 플레임,ネオ竹林インフレイム,Neo Bamboo Forest in Flames,game_track,Spinoff,02
th145_ps4_03,th145,억만겁의 종,億万劫の鐘,Bell of Aeons,game_track,Spinoff,03
th145_ps4_04,th145,오컬트 어트랙트,オカルトアトラクト,Occult Attract,game_track,Spinoff,04
th145_ps4_05,th145,경계 포크로어,境界フォークロア,Boundary Folklore,game_track,Spinoff,05
th145_ps4_06,th145,언노운X ～ Occultly Madness,アンノウンX ～ Occultly Madness,Unknown X ~ Occultly Madness,game_track,Spinoff,06
th145_ps4_07,th145,상모의 광기 ～ Horrible Night,狂相貌の狂い ～ Horrible Night,Madness of Visages ~ Horrible Night,game_track,Spinoff,07
th15_01,th15,우주 무녀 나타나다,宇宙巫女現る,The Space Shrine Maiden Appears,game_track,Windows,01
th15_02,th15,"잊기 어려운, 인연의 푸르름",忘れがたき、よすがの緑,"Unforgettable, the Nostalgic Greenery",game_track,Windows,02
th15_03,th15,토끼는 내려앉았다,兎は舞い降りた,The Rabbit Has Landed,game_track,Windows,03
th15_04,th15,호수는 청명한 달빛을 비추며,湖は浄めの月光を映して,The Lake Reflects the Cleansed Moonlight,game_track,Windows,04
th15_05,th15,9월의 펌킨,九月のパンプキン,September Pumpkin,game_track,Windows,05
th15_06,th15,우주를 나는 신기한 무녀,宇宙を飛ぶ不思議な巫女,The Mysterious Shrine Maiden Flying Through Space,game_track,Windows,06
th15_07,th15,영원한 춘몽,永遠の春夢,Eternal Spring Dream,game_track,Windows,07
th15_08,th15,얼어붙은 영원의 도시,凍り付いた永遠の都,The Frozen Eternal Capital,game_track,Windows,08
th15_09,th15,역전하는 휠 오브 포춘,逆転するホイールオブフォーチュン,Reversed Wheel of Fortune,game_track,Windows,09
th15_10,th15,아득한 38만킬로의 보야주,遥か38万キロのボヤージュ,"Faraway Voyage of 380,000 Kilometers",game_track,Windows,10
th15_11,th15,성조기의 피에로,星条旗のピエロ,Pierrot of the Star-Spangled Banner,game_track,Windows,11
th15_12,th15,고향별이 비치는 바다,故郷の星が映る海,The Sea that Reflects One's Home Planet,game_track,Windows,12
th15_13,th15,퓨어 퓨리스 ~ 마음이 있는 곳,ピュアヒューリーズ　～ 心の在処,Pure Furies ~ Whereabouts of the Heart,game_track,Windows,13
th15_14,th15,본 적 없는 악몽의 세계,見た事も無い悪夢の世界,A World of Nightmares Never Seen Before,game_track,Windows,14
th15_15,th15,판데모닉 플래닛,パンデモニックプラネット,Pandemonic Planet,game_track,Windows,15
th15_16,th15,신사에서 보이는 달,神社から見える月,The Moon as Seen from the Shrine,game_track,Windows,16
th15_17,th15,우주 무녀 귀환하다,宇宙巫女帰還する,The Space Shrine Maiden Returns Home,game_track,Windows,17
th15_18,th15,플레이어즈 스코어,プレイヤーズスコア,Player's Score,game_track,Windows,18
th155_01,th155,이색연화접 ~ Red and White,二色蓮花蝶 ～ Red And White,Dichromatic Lotus Butterfly ~ Red and White,game_track,Spinoff,01
th155_02,th155,사랑색 마스터 스파크,恋色マスタースパーク,Love-Colored Master Spark,game_track,Spinoff,02
th155_03,th155,구세대 아저씨와 신세대 소녀,時代親父とハイカラ少女,The Traditional Old Man and the Stylish Girl,game_track,Spinoff,03
th155_04,th155,감정의 마천루 ~ Cosmic Mind,感情の摩天楼　～ Cosmic Mind,Emotional Skyscraper ~ Cosmic Mind,game_track,Spinoff,04
th155_05,th155,오오미와 신화전,大神神話伝,Omiwa Legend,game_track,Spinoff,05
th155_06,th155,쇼토쿠전설 ~ True Administrator,聖徳伝説　～　True Administrator,Shoutoku Legend ~ True Administrator,game_track,Spinoff,06
th155_07,th155,아쿠타가와 류노스케의 캇파 ~ Candid Friend,芥川龍之介の河童　～ Candid Friend,"Akutagawa Ryuunosuke's ""Kappa"" ~ Candid Friend",game_track,Spinoff,07
th155_08,th155,하르트만의 요괴소녀,ハルトマンの妖怪少女,Hartmann's Youkai Girl,game_track,Spinoff,08
th155_09,th155,환상향의 후타츠이와,幻想郷の二ッ岩,Futatsuiwa from Gensokyo,game_track,Spinoff,09
th155_10,th155,망실의 이모션,亡失のエモーション,The Lost Emotion,game_track,Spinoff,10
th155_11,th155,"달까지 닿아라, 불사의 연기",月まで届け、不死の煙,"Reach for the Moon, Immortal Smoke",game_track,Spinoff,11
th155_12,th155,빛나는 바늘을 지닌 소인족 ~ Little Princess,輝く針の小人族　〜 Little Princess,Inchlings of the Shining Needle ~ Little Princess,game_track,Spinoff,12
th155_13,th155,꽃 틈새의 배틀필드,華狭間のバトルフィールド,Battlefield of the Flower Threshold,game_track,Spinoff,13
th155_14,th155,라스트 오컬티즘 ~ 현세의 비술사,ラストオカルティズム　～　現し世の秘術師,Last Occultism ~ Esotericist of the Present World,game_track,Spinoff,14
th155_15,th155,광기의 눈동자 ~ Invisible Full Moon,狂気の瞳　～ Invisible Full Moon,Lunatic Eyes ~ Invisible Full Moon,game_track,Spinoff,15
th155_16,th155,영원한 춘몽,永遠の春夢,Eternal Spring Dream,game_track,Spinoff,16
th155_17,th155,유정천변 ~ Wonderful Heaven,有頂天変　～ Wonderful Heaven,Catastrophe in Bhavaagra ~ Wonderful Heaven,game_track,Spinoff,17
th155_18,th155,밤이 내려온다 ~ Evening Star,夜が降りてくる ～ Evening Star,Night Falls ~ Evening Star,game_track,Spinoff,18
th155_19,th155,땅의 색깔은 노랑색 ~ Primrose,地の色は黄色 ～ Primrose,The Ground's Color is Yellow ~ Primrose,game_track,Spinoff,19
th155_20,th155,머시룸 왈츠,マッシュルーム・ワルツ,Mushroom Waltz,game_track,Spinoff,20
th155_21,th155,성련선 하늘에 가다,聖輦船空を往く,The Palanquin Ship Flies in the Sky,game_track,Spinoff,21
th155_22,th155,법력 아래의 평등,法力の下の平等,Equality Under the Law of Dharma,game_track,Spinoff,22
th155_23,th155,항상불변의 참묘사,恒常不変の参廟祀,Constant and Unchanging Temple of Worship,game_track,Spinoff,23
th155_24,th155,빛나는 천구의,光輝く天球儀,Shining Armillary Sphere,game_track,Spinoff,24
th155_25,th155,계곡 캇파의 기술력,沢の河童の技術力,The Ravine Kappa's Technological Prowess,game_track,Spinoff,25
th155_26,th155,지저에 피는 장미,地底に咲く薔薇,A Rose Blooming in the Underworld,game_track,Spinoff,26
th155_27,th155,심록의 너구리 숲에서,深緑の狸森にて,In the Deep-Green Tanuki Forest,game_track,Spinoff,27
th155_28,th155,심기루 연무,心綺楼演舞,Shinkirou Theatrical,game_track,Spinoff,28
th155_29,th155,불멸의 레드 소울,不滅のレッドソウル,Immortal Red Soul,game_track,Spinoff,29
th155_30,th155,지는 해에 비치는 뒤집힌 성,落日に映える逆さ城,The Inverted Castle Lit by the Setting Sun,game_track,Spinoff,30
th155_31,th155,천 개의 시련을 넘어,千の試練を超えて,Overcome a Thousand Trials,game_track,Spinoff,31
th155_32,th155,꿈의 세계 포크로어,夢世界フォークロア,Dream World Folklore,game_track,Spinoff,32
th155_33,th155,영원히 이어지는 회랑,永遠に続く回廊,Corridor Stretching to Eternity,game_track,Spinoff,33
th155_34,th155,슬립 십 퍼레이드,スリープシープ・パレード,Sleep Sheep Parade,game_track,Spinoff,34
th155_35,th155,다가오는 유정천,至る有頂天,Bhavaagra as Far as the Eye Can See,game_track,Spinoff,35
th155_36,th155,요리마시는 꿈과 현실 사이에 ~ Necro-Fantasia,憑坐は夢と現の間に ～ Necro-Fantasia,Yorimashi Between Dreams and Reality ~ Necro-Fantasia,game_track,Spinoff,36
th155_37,th155,오늘밤은 표일한 에고이스트 (Live ver) ～ Egoistic Flowers.,今宵は飄逸なエゴイスト(Live ver) ～ Egoistic Flowers.,Tonight Stars an Easygoing Egoist (Live ver.) ~ Egoistic Flowers.,game_track,Spinoff,37
th155_38,th155,오컬트 어트랙트,オカルトアトラクト,Occult Attract,game_track,Spinoff,38
th155_39,th155,네오 죽림 인 플레임,ネオ竹林インフレイム,Neo Bamboo Forest in Flames,game_track,Spinoff,39
th155_40,th155,억만겁의 종,億万劫の鐘,Bell of Aeons,game_track,Spinoff,40
th155_41,th155,언노운X ～ Occultly Madness,アンノウンX ～ Occultly Madness,Unknown X ~ Occultly Madness,game_track,Spinoff,41
th155_42,th155,빙의투합,憑依投合,Being Things Eye To Eye,game_track,Spinoff,42
th155_43,th155,연대책인,連帯責人,The One Jointly Responsible,game_track,Spinoff,43
th155_44,th155,합록기록,合縁奇縁,An Odd Couple,game_track,Spinoff,44
th155_45,th155,이심동체,異心同体,Two Minds of One Body,game_track,Spinoff,45
th155_46,th155,장언대어,壮言大語,Grandiloquence,game_track,Spinoff,46
th155_47,th155,지략종횡,知略縦横,Scheming Outside the Box,game_track,Spinoff,47
th155_48,th155,의기양양,意気揚々,In High Spirits,game_track,Spinoff,48
th155_49,th155,개연간근,開演間近,The Curtain Shall Rise Soon,game_track,Spinoff,49
th155_50,th155,천의무봉 ~ Yellow Lily,天衣無縫 ～ Yellow Lily,Flawless as Clothing of the Celestials ~ Yellow Lily,game_track,Spinoff,50
th155_51,th155,이변의 씨앗,異変の種子,Seeds of the Incident,game_track,Spinoff,51
th155_52,th155,싹트는 의혹,疑惑の芽生え,Sprouts of Suspicion,game_track,Spinoff,52
th155_53,th155,진상으로 이어지는 지엽,真相へ繋がる枝葉,Branches Reaching to the Truth,game_track,Spinoff,53
th155_54,th155,흩날리는 빙의화 꽃보라,舞い散る憑依華吹雪,Blizzard of Scattering Possession Flowers,game_track,Spinoff,54
th155_55,th155,행운유수,行雲流水,Floating with the Tide,game_track,Spinoff,55
th155_56,th155,아직 피지 않은 빙의화,未だ蕾む憑依華,Possession Flowers Yet to Bud,game_track,Spinoff,56
th155_57,th155,피어나는 빙의화,咲き誇る憑依華,Possession Flowers in Full Bloom,game_track,Spinoff,57
th155_58,th155,유구한 증기기관,悠久の蒸気機関,The Eternal Steam Engine,game_track,Spinoff,58
th16_01,th16,벚꽃 흩날리는 천공,桜舞い散る天空,The Sky Where Cherry Blossoms Flutter Down,game_track,Windows,01
th16_02,th16,희망의 별은 푸른 하늘에 뜬다,希望の星は青霄に昇る,A Star of Hope Rises in the Blue Sky,game_track,Windows,02
th16_03,th16,한여름 요정의 꿈,真夏の妖精の夢,A Midsummer Fairy's Dream,game_track,Windows,03
th16_04,th16,색바람은 요괴의 산으로,色無き風は妖怪の山に,The Colorless Wind on Youkai Mountain,game_track,Windows,04
th16_05,th16,깊은 산 속의 인카운터,山奥のエンカウンター,Deep-Mountain Encounter,game_track,Windows,05
th16_06,th16,벚꽃빛 바다를 헤엄치며,桜色の海を泳いで,Swim in a Cherry Blossom-Colored Sea,game_track,Windows,06
th16_07,th16,한 쌍의 신수,一対の神獣,A Pair of Divine Beasts,game_track,Windows,07
th16_08,th16,환상의 화이트 트래블러,幻想のホワイトトラベラー,Illusionary White Traveler,game_track,Windows,08
th16_09,th16,마법의 삿갓 지장,魔法の笠地蔵,The Magic Straw-Hat Jizo,game_track,Windows,09
th16_10,th16,"금단의 문 너머는, 이승인가 저승인가",禁断の扉の向こうは、この世かあの世か,"Does the Forbidden Door Lead to This World, or the World Beyond?",game_track,Windows,10
th16_11,th16,크레이지 백댄서즈,クレイジーバックダンサーズ,Crazy Backdancers,game_track,Windows,11
th16_12,th16,인투 백도어,イントゥ・バックドア,Into Backdoor,game_track,Windows,12
th16_13,th16,비닉된 포 시즌스,秘匿されたフォーシーズンズ,The Concealed Four Seasons,game_track,Windows,13
th16_14,th16,이젠 문으로는 들어갈 수 없어,もうドアには入れない,No More Going Through Doors,game_track,Windows,14
th16_15,th16,비신 마타라 ~ Hidden Star in All Seasons,秘神マターラ　～ Hidden Star in All Seasons.,Secret God Matara ~ Hidden Star in All Seasons.,game_track,Windows,15
th16_16,th16,부자연스러운 자연,不自然な自然,Unnatural Nature,game_track,Windows,16
th16_17,th16,하얀 여행자,白い旅人,White Traveler,game_track,Windows,17
th16_18,th16,플레이어즈 스코어,プレイヤーズスコア,Player's Score,game_track,Windows,18
th165_01,th165,악몽일기,悪夢日記,Diary of Nightmares,game_track,Spinoff,01
th165_02,th165,루시드 드리머,ルーシッドドリーマー,Lucid Dreamer,game_track,Spinoff,02
th165_03,th165,루나틱 드리머,ルナティックドリーマー,Lunatic Dreamer,game_track,Spinoff,03
th165_04,th165,나이트메어 다이어리,ナイトメアダイアリー,Nightmare Diary,game_track,Spinoff,04
th165_05,th165,바 올드 아담,バー・オールドアダム,"""Old Adam"" Bar",game_track,Spinoff,05
th165_06,th165,연석박물지가 가져온 어둠,燕石博物誌が連れてきた闇,The Darkness Brought in by Swallowstone Naturalis Historia,game_track,Spinoff,06
th165_07,th165,영원한 춘몽,永遠の春夢,Eternal Spring Dream,game_track,Spinoff,07
th165_08,th165,비닉된 포 시즌스,秘匿されたフォーシーズンズ,The Concealed Four Seasons,game_track,Spinoff,08
th17_01,th17,말 못 하는 짐승의 영혼,物言わぬ獣の霊,Silent Beast Spirits,game_track,Windows,01
th17_02,th17,지장만이 아는 애탄,地蔵だけが知る哀嘆,The Lamentations Known Only to Jizo,game_track,Windows,02
th17_03,th17,젤리 스톤,ジェリーストーン,Jelly Stone,game_track,Windows,03
th17_04,th17,로스트 리버,ロストリバー,Lost River,game_track,Windows,04
th17_05,th17,돌의 갓난아이와 물 속의 소,石の赤子と水中の牛,The Stone Baby and the Submerged Bovine,game_track,Windows,05
th17_06,th17,불후의 만주사화,不朽の曼珠沙華,Everlasting Red Spider Lily,game_track,Windows,06
th17_07,th17,세라픽 치킨,セラフィックチキン,Seraphic Chicken,game_track,Windows,07
th17_08,th17,언로케이티드 헬,アンロケイテッドヘル,Unlocated Hell,game_track,Windows,08
th17_09,th17,토터스 드래곤 ~ 행운과 불행,トータスドラゴン　～ 幸運と不運,Tortoise Dragon ~ Fortune and Misfortune,game_track,Windows,09
th17_10,th17,비스트 메트로폴리스,ビーストメトロポリス,Beast Metropolis,game_track,Windows,10
th17_11,th17,세라믹스의 장도인,セラミックスの杖刀人,Joutoujin of Ceramics,game_track,Windows,11
th17_12,th17,일렉트릭 헤리티지,エレクトリックヘリテージ,Electric Heritage,game_track,Windows,12
th17_13,th17,우상에 세계를 맡기고 ~ Idoratrize World,偶像に世界を委ねて　～ Idoratrize World,Entrust this World to Idols ~ Idolatrize World,game_track,Windows,13
th17_14,th17,눈부신 약육강식의 규칙,輝かしき弱肉強食の掟,The Shining Law of the Strong Eating the Weak,game_track,Windows,14
th17_15,th17,쇼토쿠 태자의 페가수스 ~ Dark Pegasus,聖徳太子のペガサス　～ Dark Pegasus,Prince Shoutoku's Pegasus ~ Dark Pegasus,game_track,Windows,15
th17_16,th17,축생들의 휴식,畜生達の休息,The Animals' Rest,game_track,Windows,16
th17_17,th17,지하에서의 귀환,地下からの帰還,Return from the Underground,game_track,Windows,17
th17_18,th17,플레이어즈 스코어,プレイヤーズスコア,Player's Score,game_track,Windows,18
th175_01,th175,수몰된 침수지옥,水没した沈愁地獄,Submerged Hell of Sunken Sorrow,game_track,Spinoff,01
th175_02,th175,동방강욕이문,東方剛欲異聞,Eastern Strange Tale of Avarice,game_track,Spinoff,02
th175_03,th175,천리인욕,天理人欲,"Laws of Nature, Desires of Man",game_track,Spinoff,03
th175_04,th175,마법사의 우울,魔法使いの憂鬱,Magician's Melancholy,game_track,Spinoff,04
th175_05,th175,어둠의 풍혈,暗闇の風穴,The Dark Blowhole,game_track,Spinoff,05
th175_06,th175,옛 지옥 길거리를 가다,旧地獄街道を行く,Walking the Streets of a Former Hell,game_track,Spinoff,06
th175_07,th175,업화 맨틀,業火マントル,Hellfire Mantle,game_track,Spinoff,07
th175_08,th175,기둥의 묘지 ~ Grave of Being,御柱の墓場　～ Grave of Being,Cemetery of Onbashira ~ Grave of Being,game_track,Spinoff,08
th175_09,th175,"대지의 아래, 강욕의 바다",大地の底、剛欲の海,"Depths of the Earth, Ocean of Avarice",game_track,Spinoff,09
th175_10,th175,불후의 만주사화,不朽の曼珠沙華,Everlasting Red Spider Lily,game_track,Spinoff,10
th175_11,th175,마법소녀들의 백년제,魔法少女達の百年祭,The Centennial Festival for Magical Girls,game_track,Spinoff,11
th175_12,th175,소녀기상곡 ~ Dream Battle,少女綺想曲　～ Dream Battle,Maiden's Capriccio ~ Dream Battle,game_track,Spinoff,12
th175_13,th175,사랑색 마스터 스파크,恋色マスタースパーク,Love-Colored Master Spark,game_track,Spinoff,13
th175_14,th175,봉인당한 요괴 ~ Lost Place,封じられた妖怪　～ Lost Place,The Sealed-Away Youkai ~ Lost Place,game_track,Spinoff,14
th175_15,th175,만년 방치된 우산에 주의를,万年置き傘にご注意を,Beware the Umbrella Left There Forever,game_track,Spinoff,15
th175_16,th175,캡틴 무라사,キャプテン・ムラサ,Captain Murasa,game_track,Spinoff,16
th175_17,th175,신성하고 장엄한 옛 전장 ~ Suwa Foughten Field,神さびた古戦場　～ Suwa Foughten Field,The Venerable Ancient Battlefield ~ Suwa Foughten Field,game_track,Spinoff,17
th175_18,th175,오늘밤은 표일한 에고이스트 (Live ver) ～ Egoistic Flowers.,今宵は飄逸なエゴイスト(Live ver) ～ Egoistic Flowers.,Tonight Stars an Easygoing Egoist (Live ver.) ~ Egoistic Flowers.,game_track,Spinoff,18
th175_19,th175,꽃의 술잔 오오에야마,華のさかづき大江山,A Flower-Studded Saké Dish on Mt. Ooe,game_track,Spinoff,19
th175_20,th175,영지의 태양신앙 ~ Nuclear Fusion,霊知の太陽信仰　～ Nuclear Fusion,Solar Sect of Mystic Wisdom ~ Nuclear Fusion,game_track,Spinoff,20
th175_21,th175,세라픽 치킨,セラフィックチキン,Seraphic Chicken,game_track,Spinoff,21
th175_22,th175,U.N.오웬은 그녀인가?,U.N.オーエンは彼女なのか？,U.N. Owen was Her?,game_track,Spinoff,22
th175_23,th175,탐욕스러운 짐승의 메멘토,強欲な獣のメメント,Memento of the Avaricious Beast,game_track,Spinoff,23
th175_24,th175,모든 유기체들의 메멘토 ~ Memory of Fossil Energy.,有機体全てのメメント　～ Memory of Fossil Energy.,Memento of All Organisms ~ Memory of Fossil Energy.,game_track,Spinoff,24
th18_01,th18,무지개가 걸린 환상향,虹の架かる幻想郷,A Rainbow Spanning Gensokyo,game_track,Windows,01
th18_02,th18,요괴들의 소나기,妖異達の通り雨,A Shower of Strange Occurrences,game_track,Windows,02
th18_03,th18,대길 키튼,大吉キトゥン,Kitten of Great Fortune,game_track,Windows,03
th18_04,th18,심록에 숨겨진 단애절벽,深緑に隠された断崖,The Cliff Hidden in Deep Green,game_track,Windows,04
th18_05,th18,밴디트리 테크놀로지,バンデットリィテクノロジー,Banditry Technology,game_track,Windows,05
th18_06,th18,망아지풀이 피는 퍼페추얼 스노우,駒草咲くパーペチュアルスノー,The Perpetual Snow of Komakusa Blossoms,game_track,Windows,06
th18_07,th18,스모킹 드래곤,スモーキングドラゴン,Smoking Dragon,game_track,Windows,07
th18_08,th18,스러져가는 산업유구,廃れゆく産業遺構,The Obsolescent Industrial Ruins,game_track,Windows,08
th18_09,th18,신대 광석,神代鉱石,Ore from the Age of the Gods,game_track,Windows,09
th18_10,th18,애타게 기다리던 황혼녘,待ちわびた逢魔が時,The Long-Awaited Oumagatoki,game_track,Windows,10
th18_11,th18,별이 지는 천마의 산,星降る天魔の山,Starry Mountain of Tenma,game_track,Windows,11
th18_12,th18,루나 레인보우,ルナレインボー,Lunar Rainbow,game_track,Windows,12
th18_13,th18,그 활기찬 시장은 지금 어디에 ~ Immemorial Marketeers,あの賑やかな市場は今どこに　～ Immemorial Marketeers,Where Is That Bustling Marketplace Now ~ Immemorial Marketeers,game_track,Windows,13
th18_14,th18,환상의 지하 거대 선로망,幻想の地下大線路網,The Great Fantastic Underground Railway Network,game_track,Windows,14
th18_15,th18,용왕을 죽이는 프린세스,龍王殺しのプリンセス,The Princess Who Slays Dragon Kings,game_track,Windows,15
th18_16,th18,폭풍 후의 일요일,嵐の後の日曜日,The Sunday after the Storm,game_track,Windows,16
th18_17,th18,무지갯빛 세계,虹色の世界,A Rainbow-Colored World,game_track,Windows,17
th18_18,th18,플레이어즈 스코어,プレイヤーズスコア,Player's Score,game_track,Windows,18
th185_01,th185,수집가의 우울한 오후,コレクターの憂鬱な午後,The Collector's Melancholy Afternoon,game_track,Spinoff,01
th185_02,th185,두근거리는 익숙한 환상향,ワクワクする見慣れた幻想郷,An Exciting and Familiar Gensokyo,game_track,Spinoff,02
th185_03,th185,요괴 훅 온,妖怪フックオン,Youkai Hook On,game_track,Spinoff,03
th185_04,th185,암시장은 장소를 가리지 않는다,闇市場は場所を選ばない,"Black Markets Can Happen Anywhere, Anytime",game_track,Spinoff,04
th185_05,th185,"탄막을 들어라, 불릿필리아들아",弾幕を持て、バレットフィリア達よ,"Take Thy Danmaku In Hand, O Bulletphiles",game_track,Spinoff,05
th185_06,th185,100번째 블랙 마켓,１００回目のブラックマーケット,The 100th Black Market,game_track,Spinoff,06
th185_07,th185,루나틱 드리머,ルナティックドリーマー,Lunatic Dreamer,game_track,Spinoff,07
th185_08,th185,루나 레인보우,ルナレインボー,Lunar Rainbow,game_track,Spinoff,08
th185_09,th185,그 활기찬 시장은 지금 어디에 ~ Immemorial Marketeers,あの賑やかな市場は今どこに　～ Immemorial Marketeers,Where Is That Bustling Marketplace Now ~ Immemorial Marketeers,game_track,Spinoff,09
th185_10,th185,무지갯빛 세계,虹色の世界,A Rainbow-Colored World,game_track,Spinoff,10
th19_01,th19,짐승의 지성,獣の知性,A Beast's Intelligence,game_track,Windows,01
th19_02,th19,세계는 귀엽게 만들어져 있다,世界は可愛く出来ている,The World Is Made in an Adorable Way,game_track,Windows,02
th19_03,th19,마수 스크램블,魔獣スクランブル,Magical Beast Scramble,game_track,Windows,03
th19_04,th19,오니는 유구의 산에,鬼は悠久の山に,The Oni on the Perpetual Mountain,game_track,Windows,04
th19_05,th19,타이니 샹그릴라,タイニーシャングリラ,Tiny Shangri-La,game_track,Windows,05
th19_06,th19,용감하고 한가로운 요수,勇敢で有閑な妖獣,A Brave and Leisurely Beast,game_track,Windows,06
th19_07,th19,흡혈괴수 추파카브라,吸血怪獣チュパカブラ,Vampiric Cryptid Chupacabra,game_track,Windows,07
th19_08,th19,뒤돌아보지 않는 황천길,振り向かない黄泉の道,The Path to Yomi Where None Turn Back,game_track,Windows,08
th19_09,th19,일탈자들의 무애광 ~ Kingdom of Nothingness.,逸脱者達の無礙光　〜 Kingdom of Nothingness.,The Deviants' Unobstructed Light ~ Kingdom of Nothingness,game_track,Windows,09
th19_10,th19,소녀가 본 일본의 원풍경,少女が見た日本の原風景,The Primal Scene of Japan the Girl Saw,game_track,Windows,10
th19_11,th19,요요발호 ~ Who done it!,妖々跋扈　～ Who done it!,Spiritual Domination ~ Who done it!,game_track,Windows,11
th19_12,th19,한 쌍의 신수,一対の神獣,A Pair of Divine Beasts,game_track,Windows,12
th19_13,th19,봄의 항구에서,春の湊に,At the Harbor of Spring,game_track,Windows,13
th19_14,th19,"잊기 어려운, 인연의 푸르름",忘れがたき、よすがの緑,"Unforgettable, the Nostalgic Greenery",game_track,Windows,14
th19_15,th19,시체여행 ~ Be of good cheer!,死体旅行　～ Be of good cheer!,Corpse Voyage ~ Be of good cheer!,game_track,Windows,15
th19_16,th19,애타게 기다리던 황혼녘,待ちわびた逢魔が時,The Long-Awaited Oumagatoki,game_track,Windows,16
th19_17,th19,사도의 후타츠이와,佐渡の二ッ岩,Futatsuiwa from Sado,game_track,Windows,17
th19_18,th19,토터스 드래곤 ~ 행운과 불행,トータスドラゴン　～ 幸運と不運,Tortoise Dragon ~ Fortune and Misfortune,game_track,Windows,18
th19_19,th19,쇼토쿠 태자의 페가수스 ~ Dark Pegasus,聖徳太子のペガサス　～ Dark Pegasus,Prince Shoutoku's Pegasus ~ Dark Pegasus,game_track,Windows,19
th19_20,th19,탐욕스러운 짐승의 메멘토,強欲な獣のメメント,Memento of the Avaricious Beast,game_track,Windows,20
th19_21,th19,수왕들의 휴식,獣王達の休息,The Beast Kings' Rest,game_track,Windows,21
th19_22,th19,짐승에게 지성은 있는가,獣に知性はあるか,Do Beasts Have Intelligence?,game_track,Windows,22
th20_01,th20,비단 위의 무녀,錦の上の巫女,Shrine Maiden Crowned with Glory,game_track,Windows,01
th20_02,th20,사랑스러운 티끌의 거처,愛おしき塵の住処,Beloved Dust Dwelling,game_track,Windows,02
th20_03,th20,설령 세계로부터 잊혀져도,例え世界から忘れられても,Even if Forgotten by the World,game_track,Windows,03
th20_04,th20,세이크리드 포레스트,セイクリッドフォレスト,Sacred Forest,game_track,Windows,04
th20_05,th20,숲에는 요괴가 있어요,森にはお化けがいるよ,There is a Monster in the Woods,game_track,Windows,05
th20_06,th20,프레스터 존의 황금경,プレステ・ジョアンの黄金境,Golden Land of Prester John,game_track,Windows,06
th20_07,th20,이왕이면 목숨을 걸고 수수께끼를 풀어라,どうせなら命を賭けて謎を解け,Might as Well Stake Your Life to Solve the Riddle,game_track,Windows,07
thmj_01,thmj,큐리어스 샹하이 고패,キュアリアス上海古牌,Curious Old Shanghai Tile,game_track,Windows,01
tmgc_01,tmgc,Witch of Love Potion,Witch of Love Potion,Witch of Love Potion,other_game_track,Other,01
tmgc_02,tmgc,Magical and Hopeless,Magical and Hopeless,Magical and Hopeless,other_game_track,Other,02
tmgc_03,tmgc,Sacred Battle,Sacred Battle,Sacred Battle,other_game_track,Other,03
touki_01,touki,AN ORDEAL FROM GOD,AN ORDEAL FROM GOD,AN ORDEAL FROM GOD,other_game_track,Other,01
zsw_01,zsw,땅거미의 마술사,宵闇の魔術師,Magician of the Twilight,zsw_track,ZUN Collection,01
zsw_02,zsw,Magic of Life,Magic of Life,Magic of Life,zsw_track,ZUN Collection,02
zsw_03,zsw,Plastic Space,Plastic Space,Plastic Space,zsw_track,ZUN Collection,03
zsw_04,zsw,Inventive City,Inventive City,Inventive City,zsw_track,ZUN Collection,04
zsw_05,zsw,몽환회랑,夢幻回廊,Fantasy Corridor,zsw_track,ZUN Collection,05
zsw_06,zsw,봉래 환상 ~ far East,蓬莱幻想　～ far East,Hourai Illusion ~ far East,zsw_track,ZUN Collection,06
zsw_07,zsw,밤의 하토야마를 날다,夜の鳩山を飛ぶ,Fly Above Hatoyama at Night,zsw_track,ZUN Collection,07
