대분류	소분류	한국어	일본어	영어
人妖部門	共通	하쿠레이 레이무	博麗 霊夢	Reimu Hakurei
人妖部門	共通	키리사메 마리사	霧雨 魔理沙	Marisa Kirisame
人妖部門	東方紅魔郷	루미아	ルーミア	Rumia
人妖部門	東方紅魔郷	대요정	大妖精	Daiyousei
人妖部門	東方紅魔郷	치르노	チルノ	Cirno
人妖部門	東方紅魔郷	홍 메이링	紅 美鈴	Hong Meiling
人妖部門	東方紅魔郷	소악마	小悪魔	Koakuma
人妖部門	東方紅魔郷	파츄리 널릿지	パチュリー・ノーレッジ	Patchouli Knowledge
人妖部門	東方紅魔郷	이자요이 사쿠야	十六夜 咲夜	Sakuya Izayoi
人妖部門	東方紅魔郷	레밀리아 스칼렛	レミリア・スカーレット	Remilia Scarlet
人妖部門	東方紅魔郷	플랑드르 스칼렛	フランドール・スカーレット	Flandre Scarlet
人妖部門	東方妖々夢	레티 화이트락	レティ・ホワイトロック	Letty Whiterock
人妖部門	東方妖々夢	첸	橙	Chen
人妖部門	東方妖々夢	앨리스 마가트로이드	アリス・マーガトロイド	Alice Margatroid
人妖部門	東方妖々夢	릴리 화이트	リリーホワイト	Lily White
人妖部門	東方妖々夢	루나사 프리즘리버	ルナサ・プリズムリバー	Lunasa Prismriver
人妖部門	東方妖々夢	메를랑 프리즘리버	メルラン・プリズムリバー	Merlin Prismriver
人妖部門	東方妖々夢	리리카 프리즘리버	リリカ・プリズムリバー	Lyrica Prismriver
人妖部門	東方妖々夢	콘파쿠 요우무	魂魄 妖夢	Youmu Konpaku
人妖部門	東方妖々夢	사이교우지 유유코	西行寺 幽々子	Yuyuko Saigyouji
人妖部門	東方妖々夢	야쿠모 란	八雲 藍	Ran Yakumo
人妖部門	東方妖々夢	야쿠모 유카리	八雲 紫	Yukari Yakumo
人妖部門	東方永夜抄	리글 나이트버그	リグル・ナイトバグ	Wriggle Nightbug
人妖部門	東方永夜抄	미스티아 로렐라이	ミスティア・ローレライ	Mystia Lorelei
人妖部門	東方永夜抄	카미시라사와 케이네	上白沢 慧音	Keine Kamishirasawa
人妖部門	東方永夜抄	이나바 테위	因幡 てゐ	Tewi Inaba
人妖部門	東方永夜抄	레이센 우동게인 이나바	鈴仙・優曇華院・イナバ	Reisen Udongein Inaba
人妖部門	東方永夜抄	야고코로 에이린	八意 永琳	Eirin Yagokoro
人妖部門	東方永夜抄	호라이산 카구야	蓬莱山 輝夜	Kaguya Houraisan
人妖部門	東方永夜抄	후지와라노 모코우	藤原 妹紅	Fujiwara no Mokou
人妖部門	東方萃夢想	이부키 스이카	伊吹 萃香	Suika Ibuki
人妖部門	東方文花帖	샤메이마루 아야	射命丸 文	Aya Shameimaru
人妖部門	東方花映塚	메디슨 멜랑콜리	メディスン・メランコリー	Medicine Melancholy
人妖部門	東方花映塚	카자미 유카	風見 幽香	Yuuka Kazami
人妖部門	東方花映塚	오노즈카 코마치	小野塚 小町	Komachi Onozuka
人妖部門	東方花映塚	시키에이키 야마자나두	四季映姫・ヤマザナドゥ	Eiki Shiki, Yamaxanadu
人妖部門	東方風神録	아키 시즈하	秋 静葉	Shizuha Aki
人妖部門	東方風神録	아키 미노리코	秋 穣子	Minoriko Aki
人妖部門	東方風神録	카기야마 히나	鍵山 雛	Hina Kagiyama
人妖部門	東方風神録	카와시로 니토리	河城 にとり	Nitori Kawashiro
人妖部門	東方風神録	이누바시리 모미지	犬走 椛	Momiji Inubashiri
人妖部門	東方風神録	코치야 사나에	東風谷 早苗	Sanae Kochiya
人妖部門	東方風神録	야사카 카나코	八坂 神奈子	Kanako Yasaka
人妖部門	東方風神録	모리야 스와코	洩矢 諏訪子	Suwako Moriya
人妖部門	東方緋想天	나가에 이쿠	永江 衣玖	Iku Nagae
人妖部門	東方緋想天	히나나위 텐시	比那名居 天子	Tenshi Hinanawi
人妖部門	東方地霊殿	키스메	キスメ	Kisume
人妖部門	東方地霊殿	쿠로다니 야마메	黒谷 ヤマメ	Yamame Kurodani
人妖部門	東方地霊殿	미즈하시 파르시	水橋 パルスィ	Parsee Mizuhashi
人妖部門	東方地霊殿	호시구마 유기	星熊 勇儀	Yuugi Hoshiguma
人妖部門	東方地霊殿	코메이지 사토리	古明地 さとり	Satori Komeiji
人妖部門	東方地霊殿	카엔뵤 린	火焔猫 燐	Rin Kaenbyou
人妖部門	東方地霊殿	레이우지 우츠호	霊烏路 空	Utsuho Reiuji
人妖部門	東方地霊殿	코메이지 코이시	古明地 こいし	Koishi Komeiji
人妖部門	東方星蓮船	나즈린	ナズーリン	Nazrin
人妖部門	東方星蓮船	타타라 코가사	多々良 小傘	Kogasa Tatara
人妖部門	東方星蓮船	쿠모이 이치린	雲居 一輪	Ichirin Kumoi
人妖部門	東方星蓮船	운잔	雲山	Unzan
人妖部門	東方星蓮船	무라사 미나미츠	村紗 水蜜	Minamitsu Murasa
人妖部門	東方星蓮船	토라마루 쇼	寅丸 星	Shou Toramaru
人妖部門	東方星蓮船	히지리 뱌쿠렌	聖 白蓮	Byakuren Hijiri
人妖部門	東方星蓮船	호쥬 누에	封獣 ぬえ	Nue Houjuu
人妖部門	東方非想天則	오오나마즈	大ナマズ	Giant Catfish
人妖部門	ダブルスポイラー	히메카이도 하타테	姫海棠 はたて	Hatate Himekaidou
人妖部門	東方神霊廟	카소다니 쿄코	幽谷 響子	Kyouko Kasodani
人妖部門	東方神霊廟	미야코 요시카	宮古 芳香	Yoshika Miyako
人妖部門	東方神霊廟	곽청아	霍 青娥	Seiga Kaku
人妖部門	東方神霊廟	소가노 토지코	蘇我 屠自古	Soga no Tojiko
人妖部門	東方神霊廟	모노노베노 후토	物部 布都	Mononobe no Futo
人妖部門	東方神霊廟	토요사토미미노 미코	豊聡耳 神子	Toyosatomimi no Miko
人妖部門	東方神霊廟	후타츠이와 마미조	二ッ岩 マミゾウ	Mamizou Futatsuiwa
人妖部門	東方心綺楼	하타노 코코로	秦 こころ	Hata no Kokoro
人妖部門	東方輝針城	와카사기히메	わかさぎ姫	Wakasagihime
人妖部門	東方輝針城	세키반키	赤蛮奇	Sekibanki
人妖部門	東方輝針城	이마이즈미 카게로	今泉 影狼	Kagerou Imaizumi
人妖部門	東方輝針城	츠쿠모 벤벤	九十九 弁々	Benben Tsukumo
人妖部門	東方輝針城	츠쿠모 야츠하시	九十九 八橋	Yatsuhashi Tsukumo
人妖部門	東方輝針城	키진 세이자	鬼人 正邪	Seija Kijin
人妖部門	東方輝針城	스쿠나 신묘마루	少名 針妙丸	Shinmyoumaru Sukuna
人妖部門	東方輝針城	호리카와 라이코	堀川 雷鼓	Raiko Horikawa
人妖部門	東方深秘録	우사미 스미레코	宇佐見 菫子	Sumireko Usami
人妖部門	東方紺珠伝	세이란	清蘭	Seiran
人妖部門	東方紺珠伝	링고	鈴瑚	Ringo
人妖部門	東方紺珠伝	도레미 스위트	ドレミー・スイート	Doremy Sweet
人妖部門	東方紺珠伝	키신 사구메	稀神 サグメ	Sagume Kishin
人妖部門	東方紺珠伝	클라운피스	クラウンピース	Clownpiece
人妖部門	東方紺珠伝	순호	純狐	Junko
人妖部門	東方紺珠伝	헤카티아 라피스라줄리	ヘカーティア・ラピスラズリ	Hecatia Lapislazuli
人妖部門	東方天空璋	이터니티 라바	エタニティラルバ	Eternity Larva
人妖部門	東方天空璋	사카타 네무노	坂田ネムノ	Nemuno Sakata
人妖部門	東方天空璋	코마노 아운	高麗野あうん	Aunn Komano
人妖部門	東方天空璋	야타데라 나루미	矢田寺成美	Narumi Yatadera
人妖部門	東方天空璋	니시다 사토노	爾子田里乃	Satono Nishida
人妖部門	東方天空璋	테이레이다 마이	丁礼田舞	Mai Teireida
人妖部門	東方天空璋	마타라 오키나	摩多羅隠岐奈	Okina Matara
人妖部門	東方憑依華	요리가미 조온	依神女苑	Joon Yorigami
人妖部門	東方憑依華	요리가미 시온	依神紫苑	Shion Yorigami
人妖部門	東方鬼形獣	에비스 에이카	戎 瓔花	Eika Ebisu
人妖部門	東方鬼形獣	우시자키 우루미	牛崎 潤美	Urumi Ushizaki
人妖部門	東方鬼形獣	니와타리 쿠타카	庭渡 久侘歌	Kutaka Niwatari
人妖部門	東方鬼形獣	킷초 야치에	吉弔 八千慧	Yachie Kicchou
人妖部門	東方鬼形獣	조토구 마유미	杖刀偶 磨弓	Mayumi Joutouguu
人妖部門	東方鬼形獣	하니야스신 케이키	埴安神 袿姫	Keiki Haniyasushin
人妖部門	東方鬼形獣	쿠로코마 사키	驪駒 早鬼	Saki Kurokoma
人妖部門	東方鬼形獣	オオカミ霊	オオカミ霊	Wolf Spirit
人妖部門	東方鬼形獣	カワウソ霊	カワウソ霊	Otter Spirit
人妖部門	東方鬼形獣	オオワシ霊	オオワシ霊	Eagle Spirit
人妖部門	東方虹龍洞	고토쿠지 미케	豪徳寺 ミケ	Mike Goutokuji
人妖部門	東方虹龍洞	야마시로 타카네	山城 たかね	Takane Yamashiro
人妖部門	東方虹龍洞	코마쿠사 산뇨	駒草 山如	Sannyo Komakusa
人妖部門	東方虹龍洞	타마츠쿠리 미스마루	玉造 魅須丸	Misumaru Tamatsukuri
人妖部門	東方虹龍洞	쿠다마키 츠카사	菅牧 典	Tsukasa Kudamaki
人妖部門	東方虹龍洞	이즈나마루 메구무	飯綱丸 龍	Megumu Iizunamaru
人妖部門	東方虹龍洞	텐큐 치마타	天弓 千亦	Chimata Tenkyuu
人妖部門	東方虹龍洞	히메무시 모모요	姫虫 百々世	Momoyo Himemushi
人妖部門	東方剛欲異聞	토테츠 유마	饕餮 尤魔	Yuma Toutetsu
人妖部門	東方獣王園	손미천	孫 美天	Biten Son
人妖部門	東方獣王園	미츠가시라 에노코	三頭 慧ノ子	Enoko Mitsugashira
人妖部門	東方獣王園	텐카진 치야리	天火人 ちやり	Chiyari Tenkajin
人妖部門	東方獣王園	요모츠 히사미	豫母都 日狭美	Hisami Yomotsu
人妖部門	東方獣王園	닛파쿠 잔무	日白 残無	Zanmu Nippaku
人妖部門	東方錦上京	치리즈카 우바메	塵塚 ウバメ	Ubame Chirizuka
人妖部門	東方錦上京	호쥬 치미	封獣 チミ	Chimi Houju
人妖部門	東方錦上京	미치가미 나레코	道神 馴子	Nareko Michigami
人妖部門	東方錦上京	유이만 아사마	ユイマン・ 浅間	Yuiman Asama
人妖部門	東方錦上京	이와나가 아리야	磐永 阿梨夜	Ariya Iwanaga
人妖部門	東方錦上京	와타리 니나	渡里 ニナ	Nina Watari
人妖部門	東方靈異伝	신교쿠	シンギョク	SinGyoku Gatekeeper
人妖部門	東方靈異伝	유겐마간	ユウゲンマガン	YuugenMagan Evil Eyes
人妖部門	東方靈異伝	엘리스	エリス	Elis Innocent Devil
人妖部門	東方靈異伝	사리엘	サリエル	Sariel Angel of Death
人妖部門	東方靈異伝	키쿠리	キクリ	Kikuri Hellish Moon
人妖部門	東方靈異伝	콘가라	コンガラ	Konngara Astral Knight
人妖部門	東方封魔録	겐 영감님	玄爺	Genjii
人妖部門	東方封魔録	리카	里香	Rika
人妖部門	東方封魔録	메이라	明羅	Meira
人妖部門	東方封魔録	미마	魅魔	Mima Revengeful Ghost
人妖部門	東方夢時空	엘렌	エレン	Ellen
人妖部門	東方夢時空	코토히메	小兎姫	Kotohime
人妖部門	東方夢時空	카나 아나베랄	カナ・アナベラル	Kana Anaberal
人妖部門	東方夢時空	아사쿠라 리카코	朝倉 理香子	Rikako Asakura
人妖部門	東方夢時空	키타시라카와 치유리	北白河 ちゆり	Chiyuri Kitashirakawa
人妖部門	東方夢時空	오카자키 유메미	岡崎 夢美	Yumemi Okazaki
人妖部門	東方幻想郷	오렌지	オレンジ	Orange
人妖部門	東方幻想郷	쿠루미	くるみ	Kurumi
人妖部門	東方幻想郷	엘리	エリー	Elly
人妖部門	東方幻想郷	무게츠	夢月	Mugetsu
人妖部門	東方幻想郷	겐게츠	幻月	Gengetsu
人妖部門	東方怪綺談	사라	サラ	Sara
人妖部門	東方怪綺談	루이즈	ルイズ	Louise
人妖部門	東方怪綺談	유키	ユキ	Yuki
人妖部門	東方怪綺談	마이	マイ	Mai
人妖部門	東方怪綺談	유메코	夢子	Yumeko
人妖部門	東方怪綺談	신키	神綺	Shinki
人妖部門	蓬莱人形	자켓소녀	蓬莱人形ジャケットイラストの娘	The girl on the Houral Doll jacket
人妖部門	蓬莱人形	蓬莱人形レーベルイラストの娘	蓬莱人形レーベルイラストの娘	The girl on the Houral Doll label
人妖部門	秘封倶楽部	우사미 렌코	宇佐見 蓮子	Renko Usami
人妖部門	秘封倶楽部	마에리베리 한	マエリベリー・ハーン	Maribel Hearn
人妖部門	東方求聞史紀	히에다노 아큐	稗田 阿求	Hieda no Akyuu
人妖部門	東方香霖堂	모리치카 린노스케	森近 霖之助	Rinnosuke Morichika
人妖部門	東方香霖堂	ライカ	ライカ	Laika
人妖部門	東方三月精	서니 밀크	サニーミルク	Sunny Milk
人妖部門	東方三月精	루나 차일드	ルナチャイルド	Luna Child
人妖部門	東方三月精	스타 사파이어	スターサファイア	Star Sapphire
人妖部門	東方儚月抄	와타츠키노 토요히메	綿月 豊姫	Watatsuki no Toyohime
人妖部門	東方儚月抄	와타츠키노 요리히메	綿月 依姫	Watatsuki no Yorihime
人妖部門	東方儚月抄	레이센	レイセン	Reisen
人妖部門	東方茨歌仙	이바라키 카센	茨木 華扇	Kasen Ibaraki
人妖部門	東方茨歌仙	影華扇（断善修悪の怪腕 - 茨木童子の腕）	影華扇（断善修悪の怪腕 - 茨木童子の腕）	Kasen's arm
人妖部門	東方茨歌仙	鬼華扇（奸佞邪智の鬼）	鬼華扇（奸佞邪智の鬼）	Kasen's true form
人妖部門	東方鈴奈庵	모토오리 코스즈	本居 小鈴	Kosuzu Motoori
人妖部門	東方酔蝶華	오쿠노다 미요이	奥野田 美宵	Miyoi Okunoda
人妖部門	東方酔蝶華	鯢呑亭の店主	鯢呑亭の店主	The owner of the Geidon pub
人妖部門	東方酔蝶華	鯢呑亭の常連	鯢呑亭の常連	Regular customers of the Guidon pub
人妖部門	東方智霊奇伝	미야데구치 미즈치	宮出口瑞霊	Mizuchi Miyadeguchi
人妖部門	東方智霊奇伝	선대 무녀	先代巫女	Previous Hakurei Shrine Maiden
人妖部門	その他（ゲーム）	るーこと	るーこと	Ruukoto
人妖部門	その他（ゲーム）	ミミちゃん	ミミちゃん	Mimi-Chan
人妖部門	その他（ゲーム）	魂魄 妖忌	魂魄 妖忌	Youki Konpaku
人妖部門	その他（ゲーム）	レイラ・プリズムリバー	レイラ・プリズムリバー	Leila Prismriver
人妖部門	その他（ゲーム）	核熱造神ヒソウテンソク	核熱造神ヒソウテンソク	Hisoutensoku
人妖部門	その他（ゲーム）	命蓮	命蓮	Myouren Hijiri
人妖部門	その他（ゲーム）	毘沙門天	毘沙門天	Bishamonten
人妖部門	その他（ゲーム）	嫦娥	嫦娥	Chang'e
人妖部門	その他（書籍）	名無しの本読み妖怪	名無しの本読み妖怪	Unnamed Book-Reading Youkai
人妖部門	その他（書籍）	ツチノコ	ツチノコ	Tsuchinoko
人妖部門	その他（書籍）	酒虫	酒虫	Shuchuu
人妖部門	その他（書籍）	月の都の門番	月の都の門番	Gateguards of the Lunar Capital
人妖部門	その他（書籍）	水江浦島子	水江浦島子	Mizue no Uranoshimako
人妖部門	その他（書籍）	岩笠	岩笠	Iwakasa
人妖部門	その他（書籍）	木花咲耶姫	木花咲耶姫	Konohana-Sakuyahime
人妖部門	その他（書籍）	仙台四郎（福の神）	仙台四郎（福の神）	Shirou Sendai
人妖部門	その他（書籍）	運松	運松	Unshou
人妖部門	その他（書籍）	座敷童	座敷童	Zashiki-warashi
人妖部門	その他（書籍）	ホフゴブリン	ホフゴブリン	Hobgoblin
人妖部門	その他（書籍）	万歳楽	万歳楽	Manzairaku
人妖部門	その他（書籍）	ヤマネ	ヤマネ	Yamane
人妖部門	その他（書籍）	ケセランパサラン	ケセランパサラン	Kesaran Pasaran
人妖部門	その他（書籍）	小鈴の両親	小鈴の両親	Kosuzu's parents
人妖部門	その他（書籍）	煙々羅	煙々羅	Enenra
人妖部門	その他（書籍）	チュパカブラ	チュパカブラ	Chupacabra
人妖部門	その他（書籍）	沓頬	沓頬	Kutsutsura
人妖部門	その他（書籍）	ウワバミ	ウワバミ	Uwabami (large snake)
人妖部門	その他（書籍）	易者	易者	The Fortune-teller
人妖部門	その他（書籍）	抗鬱薬おじさん	抗鬱薬おじさん	antidepressant uncle
人妖部門	その他（書籍）	なめえもん	なめえもん	Nameemon
人妖部門	その他（書籍）	塩屋敷の旦那	塩屋敷の旦那	master of salt mansion
人妖部門	その他（複合）	妖精（メイド妖精・ひまわり妖精 他）	妖精（メイド妖精・ひまわり妖精 他）	Fairy (Fairy Maids, Sunflower Fairy etc.)
人妖部門	その他（複合）	幽霊（怨霊、神霊、化け化け含む）	幽霊（怨霊、神霊、化け化け含む）	Phantom (Vengeful spirit, Divine Spirit, include Bakebake)
人妖部門	その他（複合）	毛玉	毛玉	Kedama
人妖部門	その他（複合）	UFO（赤・青・緑、その他）	UFO（赤・青・緑、その他）	Undefined Fantastic Object（Red, Blue, Green etc.)
人妖部門	その他（複合）	兎（玉兎、永遠亭の妖怪兎 他）	兎（玉兎、永遠亭の妖怪兎 他）	Rabbits (Moon Rabbit, Eientei rabbits etc.)
人妖部門	その他（複合）	狸（化け狸、野鉄砲他）	狸（化け狸、野鉄砲他）	Tanuki (Bake-danuki, Nodeppou etc.)
人妖部門	その他（複合）	狐（妖怪狐、狐の子他）	狐（妖怪狐、狐の子他）	Kitsune (youkai kitsune, little fox etc.)
人妖部門	その他（複合）	カラス（地獄鴉、紫・文の使い魔 他）	カラス（地獄鴉、紫・文の使い魔 他）	Crow, Raven (Hell ravens, Yukari's and Aya's familiar etc.)
人妖部門	その他（複合）	河童（山童含む）	河童（山童含む）	Kappa (include Yamawaro)
人妖部門	その他（複合）	天狗（香霖堂の天狗、大天狗 他）	天狗（香霖堂の天狗、大天狗 他）	Tengu (Kourindou Tengu, Great Tengu etc.)
人妖部門	その他（複合）	龍（子龍、邪龍 他）	龍（子龍、邪龍 他）	Dragon (small Dragon, Evil Dragon etc.)
人妖部門	その他（複合）	里の人間（文花帖、求聞史紀、鈴奈庵などで登場した人間）	里の人間（文花帖、求聞史紀、鈴奈庵などで登場した人間）	Village human (Humans who appeared in Bunkachou, Fumiki Komon, Suzunaan, etc.)
人妖部門	その他（複合）	アリスの人形（上海、蓬莱、大江戸 他）	アリスの人形（上海、蓬莱、大江戸 他）	Alice's dolls (Shanghai, Horai, Oedo, etc.)
人妖部門	その他（複合）	華扇の動物（久米、竿打、雷獣、彭祖、人面犬 他）	華扇の動物（久米、竿打、雷獣、彭祖、人面犬 他）	Kasen's animals (Kume, Kanda, Raijuu, Houso, Jinmenken etc.)
人妖部門	その他（複合）	神降ろしの神霊（天照、伊豆能売 他）	神降ろしの神霊（天照、伊豆能売 他）	Haunted spirit (Amaterasu, Izunome, etc.)
人妖部門	その他（複合）	都市伝説の怪異（お菊さん、八尺さま 他）	都市伝説の怪異（お菊さん、八尺さま 他）	Urban legend (Okiku-san, Hasshaku-sama, etc.)
人妖部門	その他（複合）	旧作名無し中ボス	旧作名無し中ボス	Old work nameless middle boss
人妖部門	その他（複合）	C62サークルカットの娘	C62サークルカットの娘	The girl on the C62 circle cut for Comiket catalog
音楽部門	東方紅魔郷	붉음보다 붉은 꿈	赤より紅い夢	A Dream More Scarlet than Red
音楽部門	東方紅魔郷	꽈리처럼 붉은 혼	ほおずきみたいに紅い魂	A Soul as Scarlet as a Ground Cherry
音楽部門	東方紅魔郷	요마야행	妖魔夜行	Apparitions Stalk the Night
音楽部門	東方紅魔郷	루네이트 엘프	ルーネイトエルフ	Lunate Elf
音楽部門	東方紅魔郷	말괄량이 연랑	おてんば恋娘	Tomboyish Girl in Love
音楽部門	東方紅魔郷	상해홍차관 ~ Chinese Tea	上海紅茶館　～ Chinese Tea	Shanghai Scarlet Teahouse ~ Chinese Tea
音楽部門	東方紅魔郷	메이지 17년의 상하이 앨리스	明治十七年の上海アリス	Shanghai Alice of Meiji 17
音楽部門	東方紅魔郷	브와르 마법 도서관	ヴワル魔法図書館	Voile, the Magic Library
音楽部門	東方紅魔郷	락드 걸 ~ 소녀밀실	ラクトガール　～ 少女密室	Locked Girl ~ The Girl's Sealed Room
音楽部門	東方紅魔郷	메이드와 피의 회중시계	メイドと血の懐中時計	The Maid and the Pocket Watch of Blood
音楽部門	東方紅魔郷	달시계 ~ 루나 다이얼	月時計　～ ルナ・ダイアル	Lunar Clock ~ Luna Dial
音楽部門	東方紅魔郷	체페슈의 어린 후예	ツェペシュの幼き末裔	The Young Descendant of Tepes
音楽部門	東方紅魔郷	죽은 왕녀를 위한 셉텟	亡き王女の為のセプテット	Septette for a Dead Princess
音楽部門	東方紅魔郷	마법소녀들의 백년제	魔法少女達の百年祭	The Centennial Festival for Magical Girls
音楽部門	東方紅魔郷	U.N.오웬은 그녀인가?	U.N.オーエンは彼女なのか？	U.N. Owen Was Her?
音楽部門	東方紅魔郷	붉음보다 덧없는 영원	紅より儚い永遠	An Eternity More Transient than Scarlet
音楽部門	東方紅魔郷	홍루 ~ Eastern Dream...	紅楼　～ Eastern Dream...	Scarlet Chamber ~ Eastern Dream...
音楽部門	東方妖々夢	요요몽 ~ Snow or Cherry Petal	妖々夢　～ Snow or Cherry Petal	Ghostly Dream ~ Snow or Cherry Petal
音楽部門	東方妖々夢	무하유지향 ~ Deep Mountain	無何有の郷　～ Deep Mountain	Paradise ~ Deep Mountain
音楽部門	東方妖々夢	크리스탈라이즈 실버	クリスタライズシルバー	Crystallized Silver
音楽部門	東方妖々夢	토오노 환상 이야기	遠野幻想物語	The Fantastic Tales from Tono
音楽部門	東方妖々夢	댜오예쭝(withered leaf)	ティアオイエツォン(withered leaf)	Diao Ye Zong (withered leaf)
音楽部門	東方妖々夢	부쿠레슈티의 인형사	ブクレシュティの人形師	The Doll Maker of Bucuresti
音楽部門	東方妖々夢	인형재판 ~ 사람의 형상을 가지고 노는 소녀	人形裁判　～ 人の形弄びし少女	Doll Judgement ~ The Girl Who Played with People's Shapes
音楽部門	東方妖々夢	천공의 꽃의 도시	天空の花の都	The Capital City of Flowers in the Sky
音楽部門	東方妖々夢	유령악단 ~ Phantom Ensemble	幽霊楽団　～ Phantom Ensemble	Phantom Band ~ Phantom Ensemble
音楽部門	東方妖々夢	동방요요몽 ~ Ancient Temple	東方妖々夢　～ Ancient Temple	Eastern Ghostly Dream ~ Ancient Temple
音楽部門	東方妖々夢	히로아리, 괴조를 쏘다 ~ Till When?	広有射怪鳥事　～ Till When?	Hiroari Shoots a Strange Bird ~ Till When?
音楽部門	東方妖々夢	얼티밋 트루스	アルティメットトゥルース	Ultimate Truth
音楽部門	東方妖々夢	유아하게 피어라, 묵염의 벚꽃 ~ Border of Life	幽雅に咲かせ、墨染の桜　～ Border of Life	Bloom Nobly, Ink-Black Cherry Blossom ~ Border of Life
音楽部門	東方妖々夢	보더 오브 라이프	ボーダーオブライフ	Border of Life
音楽部門	東方妖々夢	요요발호	妖々跋扈	Spiritual Domination
音楽部門	東方妖々夢	소녀환장 ~ Necro-Fantasy	少女幻葬　～ Necro-Fantasy	A Maiden's Illusionary Funeral ~ Necro-Fantasy
音楽部門	東方妖々夢	요요발호 ~ Who done it!	妖々跋扈　～ Who done it!	Spiritual Domination ~ Who done it!
音楽部門	東方妖々夢	네크로 판타지아	ネクロファンタジア	Necrofantasia
音楽部門	東方妖々夢	봄바람의 꿈	春風の夢	Dream of a Spring Breeze
音楽部門	東方妖々夢	사쿠라사쿠라 ~ Japanize Dream...	さくらさくら　～ Japanize Dream...	Sakura, Sakura ~ Japanize Dream...
音楽部門	東方永夜抄	영야초 ~ Eastern Night	永夜抄　～ Eastern Night.	Eternal Night Vignette ~ Eastern Night
音楽部門	東方永夜抄	환시의 밤 ~ Ghostly Eyes	幻視の夜　～ Ghostly Eyes	Illusionary Night ~ Ghostly Eyes
音楽部門	東方永夜抄	준준추월 ~ Mooned Insect	蠢々秋月　～ Mooned Insect	Wriggling Autumn Moon ~ Mooned Insect
音楽部門	東方永夜抄	밤참새의 노랫소리 ~ Night Bird	夜雀の歌声　～ Night Bird	Song of the Night Sparrow ~ Night Bird
音楽部門	東方永夜抄	이젠 노래밖에 들리지 않아	もう歌しか聞こえない	Deaf to All but the Song
音楽部門	東方永夜抄	그리운 동방의 피 ~ Old World	懐かしき東方の血　～ Old World	Nostalgic Blood of the East ~ Old World
音楽部門	東方永夜抄	플레인 아시아	プレインエイジア	Plain Asia
音楽部門	東方永夜抄	영야의 대가 ~ Imperishable Night	永夜の報い　～ Imperishable Night	Retribution for the Eternal Night ~ Imperishable Night
音楽部門	東方永夜抄	소녀기상곡 ~ Dream Battle	少女綺想曲　～ Dream Battle	Maiden's Capriccio ~ Dream Battle
音楽部門	東方永夜抄	사랑색 마스터 스파크	恋色マスタースパーク	Love-Colored Master Spark
音楽部門	東方永夜抄	신데렐라 케이지 ~ Kagome-Kagome	シンデレラケージ　～ Kagome-Kagome	Cinderella Cage ~ Kagome-Kagome
音楽部門	東方永夜抄	광기의 눈동자 ~ Invisible Full Moon	狂気の瞳　～ Invisible Full Moon	Lunatic Eyes ~ Invisible Full Moon
音楽部門	東方永夜抄	보이지 1969	ヴォヤージュ1969	Voyage 1969
音楽部門	東方永夜抄	천년환상향 ~ History of the Moon	千年幻想郷　～ History of the Moon	Gensokyo Millennium ~ History of the Moon
音楽部門	東方永夜抄	죽취비상 ~ Lunatic Princess	竹取飛翔　～ Lunatic Princess	Flight of the Bamboo Cutter ~ Lunatic Princess
音楽部門	東方永夜抄	보이지 1970	ヴォヤージュ1970	Voyage 1970
音楽部門	東方永夜抄	익스텐드 애쉬 ~ 봉래인	エクステンドアッシュ　～ 蓬莱人	Extend Ash ~ Person of Hourai
音楽部門	東方永夜抄	달까지 닿아라, 불사의 연기	月まで届け、不死の煙	Reach for the Moon, Immortal Smoke
音楽部門	東方永夜抄	달맞이꽃	月見草	Evening Primrose
音楽部門	東方永夜抄	Eternal Dream ~ 유현의 단풍나무	Eternal Dream　～ 幽玄の槭樹	Eternal Dream ~ Mystical Maple
音楽部門	東方永夜抄	동방요괴소정	東方妖怪小町	Eastern Youkai Beauty
音楽部門	東方萃夢想	췌몽상	萃夢想	Forgathering Dream
音楽部門	東方萃夢想	동방요연담	東方妖恋談	Eastern Mystical Tale of Romance
音楽部門	東方萃夢想	소녀기상곡 ~ Capriccio	少女綺想曲　～ Capriccio	Maiden's Capriccio
音楽部門	東方萃夢想	사랑색 매직	恋色マジック	Love-Colored Magic
音楽部門	東方萃夢想	마녀들의 무도회	魔女達の舞踏会	The Witches' Ball
音楽部門	東方萃夢想	메이드와 피의 회중시계	メイドと血の懐中時計	The Maid and the Pocket Watch of Blood
音楽部門	東方萃夢想	달시계 ~ 루나 다이얼	月時計　～ ルナ・ダイアル	Lunar Clock ~ Luna Dial
音楽部門	東方萃夢想	부쿠레슈티의 인형사	ブクレシュティの人形師	The Doll Maker of Bucuresti
音楽部門	東方萃夢想	인형재판	人形裁判	Doll Judgement
音楽部門	東方萃夢想	락드 걸 ~ 소녀밀실	ラクトガール　～ 少女密室	Locked Girl ~ The Girl's Sealed Room
音楽部門	東方萃夢想	브와르 마법 도서관	ヴワル魔法図書館	Voile, the Magic Library
音楽部門	東方萃夢想	히로아리, 괴조를 쏘다 ~ Till When?	広有射怪鳥事　～ Till When?	Hiroari Shoots a Strange Bird ~ Till When?
音楽部門	東方萃夢想	동방요요몽 ~ Ancient Temple	東方妖々夢　～ Ancient Temple	Eastern Ghostly Dream ~ Ancient Temple
音楽部門	東方萃夢想	죽은 왕녀를 위한 셉텟	亡き王女の為のセプテット	Septette for a Dead Princess
音楽部門	東方萃夢想	유아하게 피어라, 묵염의 벚꽃 ~ Border of Life	幽雅に咲かせ、墨染の桜　～ Border of Life	Bloom Nobly, Ink-Black Cherry Blossom ~ Border of Life
音楽部門	東方萃夢想	Demystify Feast	Demystify Feast	Demystify Feast
音楽部門	東方萃夢想	밤이 내려온다 ~ Evening Star	夜が降りてくる　～ Evening Star	Night Falls ~ Evening Star
音楽部門	東方萃夢想	동화나라의 오니들의 섬 ~ Missing Power	御伽の国の鬼が島　～ Missing Power	The Fabled Land of Onigashima ~ Missing Power
音楽部門	東方萃夢想	여름이 끝나는 날	夏明き	End of Summer
音楽部門	東方萃夢想	동방췌몽상	東方萃夢想	Eastern Forgathering Dream
音楽部門	東方萃夢想	마소	魔所	Demonic Place
音楽部門	東方萃夢想	월륜	月輪	The Moon
音楽部門	東方萃夢想	편참	遍参	Wanderings
音楽部門	東方萃夢想	이심	裏心	Inner Heart
音楽部門	東方萃夢想	Intermezzo	Intermezzo	Intermezzo
音楽部門	東方萃夢想	동풍	あゆのかぜ	Eastern Wind
音楽部門	東方萃夢想	삼한	森閑	Silence
音楽部門	東方萃夢想	앙공	仰空	Skygazer
音楽部門	東方萃夢想	유경	幽境	Solitary Place
音楽部門	東方萃夢想	진객	珍客	Unexpected Visitor
音楽部門	東方萃夢想	홍야	紅夜	Scarlet Night
音楽部門	東方萃夢想	전신	戦迅	Swift Battle
音楽部門	東方萃夢想	화기	禍機	Bad Omen
音楽部門	東方萃夢想	쇄월	砕月	Broken Moon
音楽部門	東方花映塚	화영총 ~ Higan Retour	花映塚　～ Higan Retour	Flower Reflecting Mound ~ Higan Retour
音楽部門	東方花映塚	봄빛 오솔길 ~ Colorful Path	春色小径　～ Colorful Path	Spring Lane ~ Colorful Path
音楽部門	東方花映塚	오리엔탈 다크플라이트	オリエンタルダークフライト	Oriental Dark Flight
音楽部門	東方花映塚	플라워링 나이트	フラワリングナイト	Flowering Night
音楽部門	東方花映塚	동방요요몽 ~ Ancient Temple	東方妖々夢　～ Ancient Temple	Eastern Ghostly Dream ~ Ancient Temple
音楽部門	東方花映塚	광기의 눈동자 ~ Invisible Full Moon	狂気の瞳　～ Invisible Full Moon	Lunatic Eyes ~ Invisible Full Moon
音楽部門	東方花映塚	말괄량이 연랑의 모험	おてんば恋娘の冒険	Adventure of the Lovestruck Tomboy
音楽部門	東方花映塚	유령악단 ~ Phantom Ensemble	幽霊楽団　～ Phantom Ensemble	Phantom Band ~ Phantom Ensemble
音楽部門	東方花映塚	이젠 노래밖에 들리지 않아 ~ Flower Mix	もう歌しか聞こえない　～ Flower Mix	Deaf to All but the Song ~ Flower Mix
音楽部門	東方花映塚	우사님의 새하얀 깃발	お宇佐さまの素い幡	White Flag of Usa Shrine
音楽部門	東方花映塚	풍신소녀 (Short Version)	風神少女　 (Short Version)	Wind God Girl (Short Version)
音楽部門	東方花映塚	포이즌 바디 ~ Forsaken Doll	ポイズンボディ　～ Forsaken Doll	Poison Body ~ Forsaken Doll
音楽部門	東方花映塚	금석환상향 ~ Flower Land	今昔幻想郷　～ Flower Land	Gensokyo, Past and Present ~ Flower Land
音楽部門	東方花映塚	피안귀항 ~ Riverside View	彼岸帰航　～ Riverside View	Higan Retour ~ Riverside View
音楽部門	東方花映塚	60년만의 동방재판 ~ Fate of Sixty Years	六十年目の東方裁判　～ Fate of Sixty Years	Eastern Judgement in the Sixtieth Year ~ Fate of Sixty Years
音楽部門	東方花映塚	꽃이 비치는 무덤	花の映る塚	The Mound Where the Flowers Reflect
音楽部門	東方花映塚	차안의 언덕	此岸の塚	Mound of Shigan
音楽部門	東方花映塚	꽃은 환상대로	花は幻想のままに	The Flowers Remain in Fantasy
音楽部門	東方花映塚	혼의 꽃 ~ Another Dream...	魂の花　～ Another Dream...	Flower of Soul ~ Another Dream...
音楽部門	東方文花帖	텐구의 수첩 ~ Mysterious Note	天狗の手帖　～ Mysterious Note	Tengu's Notebook ~ Mysterious Note
音楽部門	東方文花帖	바람의 순환 ~ Wind Tour	風の循環　～ Wind Tour	Wind Circulation ~ Wind Tour
音楽部門	東方文花帖	텐구가 보고 있다 ~ Black Eyes	天狗が見ている　～ Black Eyes	Tengu Is Watching ~ Black Eyes
音楽部門	東方文花帖	동쪽 나라의 잠들지 않는 밤	東の国の眠らない夜	Sleepless Night of the Eastern Country
音楽部門	東方文花帖	레트로스펙티브 교토	レトロスペクティブ京都	Retrospective Kyoto
音楽部門	東方文花帖	풍신소녀	風神少女	Wind God Girl
音楽部門	東方風神録	봉인된 신들	封印されし神々	Sealed Gods
音楽部門	東方風神録	인간을 사랑한 신 ~ Romantic Fall	人恋し神様　～ Romantic Fall	A God That Misses People ~ Romantic Fall
音楽部門	東方風神録	이나다히메님께 야단맞으니까	稲田姫様に叱られるから	Because Princess Inada is Scolding Me
音楽部門	東方風神録	재앙신께서 다니시는 길 ~ Dark Road	厄神様の通り道　～ Dark Road	The Road of the Misfortune God ~ Dark Road
音楽部門	東方風神録	운명의 다크사이드	運命のダークサイド	Dark Side of Fate
音楽部門	東方風神録	신들이 사랑한 환상향	神々が恋した幻想郷	The Gensokyo the Gods Loved
音楽部門	東方風神録	아쿠타가와 류노스케의 캇파 ~ Candid Friend	芥川龍之介の河童　～ Candid Friend	"Akutagawa Ryuunosuke's ""Kappa"" ~ Candid Friend"
音楽部門	東方風神録	폴 오브 폴 ~ 가을다워지는 폭포	フォールオブフォール　～ 秋めく滝	Fall of Fall ~ Autumnal Waterfall
音楽部門	東方風神録	요괴의 산 ~ Mysterious Mountain	妖怪の山　～ Mysterious Mountain	Youkai Mountain ~ Mysterious Mountain
音楽部門	東方風神録	소녀가 본 일본의 원풍경	少女が見た日本の原風景	The Primal Scene of Japan the Girl Saw
音楽部門	東方風神録	신앙은 덧없는 인간을 위해	信仰は儚き人間の為に	Faith Is for the Transient People
音楽部門	東方風神録	기둥의 묘지 ~ Grave of Being	御柱の墓場　～ Grave of Being	Cemetery of Onbashira ~ Grave of Being
音楽部門	東方風神録	신성하고 장엄한 옛 전장 ~ Suwa Foughten Field	神さびた古戦場　～ Suwa Foughten Field	The Venerable Ancient Battlefield ~ Suwa Foughten Field
音楽部門	東方風神録	내일은 휴일, 어제는 평일	明日ハレの日、ケの昨日	Tomorrow Will Be Special, Yesterday Was Not
音楽部門	東方風神録	네이티브 페이스	ネイティブフェイス	Native Faith
音楽部門	東方風神録	산기슭의 신사	麓の神社	Shrine at the Foot of the Mountain
音楽部門	東方風神録	신은 은혜의 비를 내리니 ~ Sylphid Dream	神は恵みの雨を降らす　～ Sylphid Dream	The Gods Give Us Blessed Rain ~ Sylphid Dream
音楽部門	東方風神録	플레이어즈 스코어	プレイヤーズスコア	Player's Score
音楽部門	東方緋想天	비상천	緋想天	Heaven of Scarlet Perception
音楽部門	東方緋想天	일상좌와	日常坐臥	Usual Days
音楽部門	東方緋想天	땅의 색은 노란색	地の色は黄色	The Ground's Color is Yellow
音楽部門	東方緋想天	갑론을박	甲論乙駁	Argue for and Against
音楽部門	東方緋想天	풍광명미	風光明媚	Beautiful Nature Sight
音楽部門	東方緋想天	향기나는 수엽화	香る樹葉花	Fragrant Plants
音楽部門	東方緋想天	춤추는 물보라	踊る水飛沫	Dancing Water Spray
音楽部門	東方緋想天	이어구승	以魚駆蠅	Swing a Fish to Drive Away Flies
音楽部門	東方緋想天	방종불기	放縦不羈	Free and Easy
音楽部門	東方緋想天	비웃음의 유희	嘲りの遊戯	Ridiculous Game
音楽部門	東方緋想天	냉음한취	冷吟閑酔	Drunk as I Like
音楽部門	東方緋想天	운외창천	雲外蒼天	Skies Beyond the Clouds
音楽部門	東方緋想天	검은 바다에 붉음을 ~ Legendary Fish	黒い海に紅く　～ Legendary Fish	Crimson in the Black Sea ~ Legendary Fish
音楽部門	東方緋想天	천의무봉	天衣無縫	Flawless as Clothing of the Celestials
音楽部門	東方緋想天	유정천변 ~ Wonderful Heaven	有頂天変　～ Wonderful Heaven	Catastrophe in Bhavaagra ~ Wonderful Heaven
音楽部門	東方緋想天	유심지의 유정천	幼心地の有頂天	Bhavaagra As Seen Through a Child's Mind
音楽部門	東方緋想天	모색창연	暮色蒼然	Darkening Dusk
音楽部門	東方緋想天	동방비상천	東方緋想天	Eastern Heaven of Scarlet Perception
音楽部門	東方緋想天	동방요연담	東方妖恋談	Eastern Mystical Tale of Romance
音楽部門	東方緋想天	별의 그릇 ~ Casket of Star	星の器　～ Casket of Star	Vessel of Stars ~ Casket of Star
音楽部門	東方緋想天	플라워링 나이트	フラワリングナイト	Flowering Night
音楽部門	東方緋想天	부쿠레슈티의 인형사	ブクレシュティの人形師	The Doll Maker of Bucuresti
音楽部門	東方緋想天	히로아리, 괴조를 쏘다 ~ Till When?	広有射怪鳥事　～ Till When?	Hiroari Shoots a Strange Bird ~ Till When?
音楽部門	東方緋想天	락드 걸 ~ 소녀밀실	ラクトガール　～ 少女密室	Locked Girl ~ The Girl's Sealed Room
音楽部門	東方緋想天	유아하게 피어라, 묵염의 벚꽃 ~ Border of Life	幽雅に咲かせ、墨染の桜　～ Border of Life	Bloom Nobly, Ink-Black Cherry Blossom ~ Border of Life
音楽部門	東方緋想天	죽은 왕녀를 위한 셉텟	亡き王女の為のセプテット	Septette for a Dead Princess
音楽部門	東方緋想天	밤이 내려온다	夜が降りてくる	Night Falls
音楽部門	東方緋想天	쇄월	砕月	Broken Moon
音楽部門	東方緋想天	광기의 눈동자 ~ Invisible Full Moon	狂気の瞳　～ Invisible Full Moon	Lunatic Eyes ~ Invisible Full Moon
音楽部門	東方緋想天	풍신소녀	風神少女	Wind God Girl
音楽部門	東方緋想天	피안귀항 ~ Riverside View	彼岸帰航　～ Riverside View	Higan Retour ~ Riverside View
音楽部門	東方地霊殿	지령들의 기상	地霊達の起床	Awakening of the Earth Spirits
音楽部門	東方地霊殿	어둠의 풍혈	暗闇の風穴	The Dark Blowhole
音楽部門	東方地霊殿	봉인당한 요괴 ~ Lost Place	封じられた妖怪　～ Lost Place	The Sealed-Away Youkai ~ Lost Place
音楽部門	東方地霊殿	건너는 발길이 끊어진 다리	渡る者の途絶えた橋	The Bridge People No Longer Cross
音楽部門	東方地霊殿	녹안의 젤러시	緑眼のジェラシー	Green-Eyed Jealousy
音楽部門	東方地霊殿	옛 지옥 길거리를 가다	旧地獄街道を行く	Walking the Streets of a Former Hell
音楽部門	東方地霊殿	꽃의 술잔 오오에야마	華のさかづき大江山	A Flower-Studded Sake Dish on Mt. Ooe
音楽部門	東方地霊殿	하트펠트 팬시	ハートフェルトファンシー	Heartfelt Fancy
音楽部門	東方地霊殿	소녀 사토리 ~ 3rd eye	少女さとり　～ 3rd eye	Satori Maiden ~ 3rd eye
音楽部門	東方地霊殿	폐옥 럴러바이	廃獄ララバイ	Lullaby of Deserted Hell
音楽部門	東方地霊殿	시체여행 ~ Be of good cheer!	死体旅行　～ Be of good cheer!	Corpse Voyage ~ Be of good cheer!
音楽部門	東方地霊殿	업화 맨틀	業火マントル	Hellfire Mantle
音楽部門	東方地霊殿	영지의 태양신앙 ~ Nuclear Fusion	霊知の太陽信仰　～ Nuclear Fusion	Solar Sect of Mystic Wisdom ~ Nuclear Fusion
音楽部門	東方地霊殿	라스트 리모트	ラストリモート	Last Remote
音楽部門	東方地霊殿	하르트만의 요괴소녀	ハルトマンの妖怪少女	Hartmann's Youkai Girl
音楽部門	東方地霊殿	지령들의 귀가	地霊達の帰宅	The Earth Spirits' Homecoming
音楽部門	東方地霊殿	에너지 여명 ~ Future Dream...	エネルギー黎明 ～ Future Dream...	Energy Daybreak ~ Future Dream...
音楽部門	東方地霊殿	플레이어즈 스코어	プレイヤーズスコア	Player's Score
音楽部門	東方星蓮船	푸른 하늘의 그림자	青空の影	A Shadow in the Blue Sky
音楽部門	東方星蓮船	봄의 항구에서	春の湊に	At the Harbor of Spring
音楽部門	東方星蓮船	작디작은 현장	小さな小さな賢将	A Tiny, Tiny, Clever Commander
音楽部門	東方星蓮船	닫힌 구름의 통로	閉ざせし雲の通い路	The Sealed Cloud Route
音楽部門	東方星蓮船	만년 방치된 우산에 주의를	万年置き傘にご注意を	Beware the Umbrella Left There Forever
音楽部門	東方星蓮船	스카이 루인	スカイルーイン	Sky Ruin
音楽部門	東方星蓮船	구세대 아저씨와 하이칼라 소녀	時代親父とハイカラ少女	The Traditional Old Man and the Stylish Girl
音楽部門	東方星蓮船	유령객선의 시공을 뛰어넘는 여행	幽霊客船の時空を越えた旅	Interdimensional Voyage of a Ghostly Passenger Ship
音楽部門	東方星蓮船	캡틴 무라사	キャプテン・ムラサ	Captain Murasa
音楽部門	東方星蓮船	마계 지방도시 에소테리아	魔界地方都市エソテリア	Rural Makai City Esoteria
音楽部門	東方星蓮船	범무늬의 비사문천	虎柄の毘沙門天	The Tiger-Patterned Bishamonten
音楽部門	東方星蓮船	법계의 불	法界の火	Fires of Hokkai
音楽部門	東方星蓮船	감정의 마천루 ~ Cosmic Mind	感情の摩天楼　～ Cosmic Mind	Emotional Skyscraper ~ Cosmic Mind
音楽部門	東方星蓮船	밤하늘의 UFO 로맨스	夜空のユーフォーロマンス	UFO Romance in the Night Sky
音楽部門	東方星蓮船	헤이안의 에일리언	平安のエイリアン	Heian Alien
音楽部門	東方星蓮船	요괴사	妖怪寺	Youkai Temple
音楽部門	東方星蓮船	하늘의 돌아오는 길 ~ Sky Dream	空の帰り道　～ Sky Dream	Returning Home from the Sky ~ Sky Dream
音楽部門	東方星蓮船	플레이어즈 스코어	プレイヤーズスコア	Player's Score
音楽部門	東方非想天則	그대는 그 그림자를 보았는가	君はあの影を見たか	Did You See That Shadow?
音楽部門	東方非想天則	췌몽상	萃夢想	Forgathering Dream
音楽部門	東方非想天則	전설의 거신	伝説の巨神	The Legendary Titan
音楽部門	東方非想天則	우리들의 비상천칙	ぼくらの非想天則	Our Hisoutensoku
音楽部門	東方非想天則	인형이 있는 풍경	人形のある風景	Scenery with Dolls
音楽部門	東方非想天則	유구한 증기기관	悠久の蒸気機関	The Eternal Steam Engine
音楽部門	東方非想天則	신앙은 덧없는 인간을 위해	信仰は儚き人間の為に	Faith Is for the Transient People
音楽部門	東方非想天則	말괄량이 연랑	おてんば恋娘	Tomboyish Girl in Love
音楽部門	東方非想天則	상해홍차관 ~ Chinese Tea	上海紅茶館　～ Chinese Tea	Shanghai Scarlet Teahouse ~ Chinese Tea
音楽部門	東方非想天則	영지의 태양신앙 ~ Nuclear Fusion	霊知の太陽信仰　～ Nuclear Fusion	Solar Sect of Mystic Wisdom ~ Nuclear Fusion
音楽部門	東方非想天則	내일은 휴일, 어제는 평일	明日ハレの日、ケの昨日	Tomorrow Will Be Special, Yesterday Was Not
音楽部門	東方非想天則	이색연화접 ~ Ancients	二色蓮花蝶　～ Ancients	Dichromatic Lotus Butterfly ~ Ancients
音楽部門	東方非想天則	사랑색 매직	恋色マジック	Love-Colored Magic
音楽部門	東方非想天則	the Grimoire of Alice	the Grimoire of Alice	the Grimoire of Alice
音楽部門	東方非想天則	브와르 마법 도서관	ヴワル魔法図書館	Voile, the Magic Library
音楽部門	東方非想天則	동방요연담	東方妖恋談	Eastern Mystical Tale of Romance
音楽部門	東方非想天則	언노운 X ~ Unfound Adventure	アンノウンX　～ Unfound Adventure	Unknown X ~ Unfound Adventure
音楽部門	東方非想天則	하늘에 떠오른 물체 X	空に浮かぶ物体X	X, the Floating Object in the Sky
音楽部門	東方非想天則	거대한 그림자와 자그마한 결말	巨大な影と小さな結末	A Huge Shadow and a Tiny Conclusion
音楽部門	ダブルスポイラー	뉴스 하운드	ニュースハウンド	Newshound
音楽部門	ダブルスポイラー	당신네 마을의 괴사건	あなたの町の怪事件	The Mystery in Your Town
音楽部門	ダブルスポイラー	요괴 모던 콜로니	妖怪モダンコロニー	Youkai Modern Colony
音楽部門	ダブルスポイラー	네메시스의 요새	ネメシスの要塞	Nemesis' Stronghold
音楽部門	ダブルスポイラー	무간의 종 ~ Infinite Nightmare	無間の鐘　～ Infinite Nightmare	Bell of Avici ~ Infinite Nightmare
音楽部門	ダブルスポイラー	요괴의 산 ~ Mysterious Mountain	妖怪の山　～ Mysterious Mountain	Youkai Mountain ~ Mysterious Mountain
音楽部門	妖精大戦争	봄의 얼음요정	春の氷精	An Ice Fairy in Spring
音楽部門	妖精大戦争	귀여운 대전쟁의 리프레인	可愛い大戦争のリフレーン	The Refrain of the Lovely Great War
音楽部門	妖精大戦争	장난에 목숨을 걸고	いたずらに命をかけて	Staking Your Life on a Prank
音楽部門	妖精大戦争	언제나 정신없는 호기심	年中夢中の好奇心	Year-Round Absorbed Curiosity
音楽部門	妖精大戦争	한밤중의 페어리 댄스	真夜中のフェアリーダンス	A Midnight Fairy Dance
音楽部門	妖精大戦争	요정대전쟁 ~ Fairy Wars	妖精大戦争　～ Fairy Wars	Great Fairy Wars ~ Fairy Wars
音楽部門	妖精大戦争	루즈 레인	ルーズレイン	Loose Rain
音楽部門	妖精大戦争	메이거스 나이트	メイガスナイト	Magus Night
音楽部門	妖精大戦争	봄의 얼음요정 -조용함-	春の氷精　- 静 -	An Ice Fairy in Spring - Still -
音楽部門	妖精大戦争	플레이어즈 스코어	プレイヤーズスコア	Player's Score
音楽部門	東方神霊廟	욕심쟁이 영혼	欲深き霊魂	Spirit of Avarice
音楽部門	東方神霊廟	사령의 밤 벚꽃	死霊の夜桜	Night Sakura of Dead Spirits
音楽部門	東方神霊廟	고스트 리드	ゴーストリード	Ghost Lead
音楽部門	東方神霊廟	요괴사에 어서오세요	妖怪寺へようこそ	Welcome to Youkai Temple
音楽部門	東方神霊廟	문 앞의 요괴 소녀	門前の妖怪小娘	Youkai Girl at the Gate
音楽部門	東方神霊廟	멋진 묘지에서 살아 봅시다	素敵な墓場で暮しましょ	Let's Live in a Lovely Cemetery
音楽部門	東方神霊廟	리지드 파라다이스	リジッドパラダイス	Rigid Paradise
音楽部門	東方神霊廟	디자이어 드라이브	デザイアドライブ	Desire Drive
音楽部門	東方神霊廟	오랜 위안셴	古きユアンシェン	Old Yuanxian
音楽部門	東方神霊廟	몽전대사묘	夢殿大祀廟	The Hall of Dreams' Great Mausoleum
音楽部門	東方神霊廟	오오미와 신화전	大神神話伝	Omiwa Legend
音楽部門	東方神霊廟	작은 욕망의 별하늘	小さな欲望の星空	Starry Sky of Small Desires
音楽部門	東方神霊廟	쇼토쿠전설 ~ True Administrator	聖徳伝説　～ True Administrator	Shoutoku Legend ~ True Administrator
音楽部門	東方神霊廟	요괴 뒤쪽 참배길	妖怪裏参道	Youkai Shrine's Back Road
音楽部門	東方神霊廟	사도의 후타츠이와	佐渡の二ッ岩	Futatsuiwa from Sado
音楽部門	東方神霊廟	신사의 새로운 바람	神社の新しい風	A New Wind at the Shrine
音楽部門	東方神霊廟	디자이어 드림	デザイアドリーム	Desire Dream
音楽部門	東方神霊廟	플레이어즈 스코어	プレイヤーズスコア	Player's Score
音楽部門	東方心綺楼	봄빛 오솔길 ~ Colorful Path	春色小径　～ Colorful Path	Spring Lane ~ Colorful Path
音楽部門	東方心綺楼	메이거스 나이트	メイガスナイト	Magus Night
音楽部門	東方心綺楼	구세대 아저씨와 하이칼라 소녀	時代親父とハイカラ少女	The Traditional Old Man and the Stylish Girl
音楽部門	東方心綺楼	감정의 마천루 ~ Cosmic Mind	感情の摩天楼　～ Cosmic Mind	Emotional Skyscraper ~ Cosmic Mind
音楽部門	東方心綺楼	오오미와 신화전	大神神話伝	Omiwa Legend
音楽部門	東方心綺楼	쇼토쿠전설 ~ True Administrator	聖徳伝説　～ True Administrator	Shoutoku Legend ~ True Administrator
音楽部門	東方心綺楼	아쿠타가와 류노스케의 캇파 ~ Candid Friend	芥川龍之介の河童　～ Candid Friend	"Akutagawa Ryuunosuke's ""Kappa"" ~ Candid Friend"
音楽部門	東方心綺楼	하르트만의 요괴소녀	ハルトマンの妖怪少女	Hartmann's Youkai Girl
音楽部門	東方心綺楼	사도의 후타츠이와	佐渡の二ッ岩	Futatsuiwa from Sado
音楽部門	東方心綺楼	환상향의 후타츠이와	幻想郷の二ッ岩	Futatsuiwa from Gensokyo
音楽部門	東方心綺楼	망실의 이모션	亡失のエモーション	The Lost Emotion
音楽部門	東方心綺楼	속세불변의 페시미즘	塵界不変のペシミズム	This Dull World's Unchanging Pessimism
音楽部門	東方心綺楼	심기루 하야시	心綺楼囃子	Shinkirou Orchestra
音楽部門	東方心綺楼	인기가 있는 장소	人気のある場所	A Popular Location
音楽部門	東方心綺楼	인기가 없는 장소	人気のない場所	An Unpopular Location
音楽部門	東方心綺楼	축시 3각의 마을	丑三つ時の里	The Village in the Dead of Night
音楽部門	東方心綺楼	오늘의 1면 기사	本日の一面記事	Today's Front-Page Headline
音楽部門	東方心綺楼	새벽구름	暁雲	Morning Clouds
音楽部門	東方心綺楼	관판황혼신문	官板黄昏新聞	Officially-Sanctioned Twilight Newspaper
音楽部門	東方心綺楼	심기루제 하야시	心綺楼祭囃子	Shinkirou Festival Orchestra
音楽部門	東方心綺楼	연기자 선택	演者選択	Performer Selection
音楽部門	東方心綺楼	사용되지 않는 장소	使われなかった場所	An Unused Location
音楽部門	東方輝針城	이상한 불제봉	不思議なお祓い棒	Mysterious Purification Rod
音楽部門	東方輝針城	미스트 레이크	ミストレイク	Mist Lake
音楽部門	東方輝針城	비경의 머메이드	秘境のマーメイド	Mermaid from the Uncharted Land
音楽部門	東方輝針城	운하를 다니는 인요	運河を行き交う人妖	Humans and Youkai Traversing the Canal
音楽部門	東方輝針城	버드나무 아래의 듀라한	柳の下のデュラハン	Dullahan Under the Willows
音楽部門	東方輝針城	만월의 죽림	満月の竹林	Bamboo Forest of the Full Moon
音楽部門	東方輝針城	고독한 웨어울프	孤独なウェアウルフ	Lonesome Werewolf
音楽部門	東方輝針城	매지컬 스톰	マジカルストーム	Magical Storm
音楽部門	東方輝針城	환상 정유리	幻想浄瑠璃	Illusionary Joururi
音楽部門	東方輝針城	공중에 가라앉은 휘침성	空中に沈む輝針城	The Shining Needle Castle Sinking in the Air
音楽部門	東方輝針城	리버스 이데올로기	リバースイデオロギー	Reverse Ideology
音楽部門	東方輝針城	침소봉대의 천수각	針小棒大の天守閣	The Exaggerated Castle Keep
音楽部門	東方輝針城	빛나는 바늘의 소인족 ~ Little Princess	輝く針の小人族　～ Little Princess	Inchlings of the Shining Needle ~ Little Princess
音楽部門	東方輝針城	마력의 뇌운	魔力の雷雲	Thunderclouds of Magical Power
音楽部門	東方輝針城	원시의 비트 ~ Pristine Beat	始原のビート　～ Pristine Beat	Primordial Beat ~ Pristine Beat
音楽部門	東方輝針城	요술망치의 마력	小槌の魔力	Magical Power of the Mallet
音楽部門	東方輝針城	이상하고 이상한 도구들	不思議な不思議な道具達	Mysterious, Mysterious Tools
音楽部門	東方輝針城	플레이어즈 스코어	プレイヤーズスコア	Player's Score
音楽部門	弾幕アマノジャク	반칙의 낭연을 올려라	反則の狼煙を上げろ	Raise the Signal Fire of Cheating
音楽部門	弾幕アマノジャク	비경의 머메이드	秘境のマーメイド	Mermaid from the Uncharted Land
音楽部門	弾幕アマノジャク	불가능 탄막에는 반칙을	不可能弾幕には反則を	Cheat Against the Impossible Danmaku
音楽部門	弾幕アマノジャク	리버스 이데올로기	リバースイデオロギー	Reverse Ideology
音楽部門	弾幕アマノジャク	미드나이트 스펠카드	ミッドナイトスペルカード	Midnight Spell Card
音楽部門	弾幕アマノジャク	환상 정유리	幻想浄瑠璃	Illusionary Joururi
音楽部門	弾幕アマノジャク	로맨틱 도비행	ロマンチック逃飛行	Romantic Escape Flight
音楽部門	弾幕アマノジャク	요괴의 산 ~ Mysterious Mountain	妖怪の山　～ Mysterious Mountain	Youkai Mountain ~ Mysterious Mountain
音楽部門	弾幕アマノジャク	영원의 삼일천하	永遠の三日天下	Eternal Transient Reign
音楽部門	東方深秘録	이색연화접 ~ Red and White	二色蓮花蝶　～ Red and White	Dichromatic Lotus Butterfly ~ Red and White
音楽部門	東方深秘録	사랑색 마스터 스파크	恋色マスタースパーク	Love-Colored Master Spark
音楽部門	東方深秘録	구세대 아저씨와 하이칼라 소녀	時代親父とハイカラ少女	The Traditional Old Man and the Stylish Girl
音楽部門	東方深秘録	감정의 마천루 ~ Cosmic Mind	感情の摩天楼　～ Cosmic Mind	Emotional Skyscraper ~ Cosmic Mind
音楽部門	東方深秘録	오오미와 신화전	大神神話伝	Omiwa Legend
音楽部門	東方深秘録	쇼토쿠전설 ~ True Administrator	聖徳伝説　～ True Administrator	Shoutoku Legend ~ True Administrator
音楽部門	東方深秘録	아쿠타가와 류노스케의 캇파 ~ Candid Friend	芥川龍之介の河童　～ Candid Friend	"Akutagawa Ryuunosuke's ""Kappa"" ~ Candid Friend"
音楽部門	東方深秘録	하르트만의 요괴소녀	ハルトマンの妖怪少女	Hartmann's Youkai Girl
音楽部門	東方深秘録	환상향의 후타츠이와	幻想郷の二ッ岩	Futatsuiwa from Gensokyo
音楽部門	東方深秘録	망실의 이모션	亡失のエモーション	The Lost Emotion
音楽部門	東方深秘録	달까지 닿아라, 불사의 연기	月まで届け、不死の煙	Reach for the Moon, Immortal Smoke
音楽部門	東方深秘録	빛나는 바늘의 소인족 ~ Little Princess	輝く針の小人族　～ Little Princess	Inchlings of the Shining Needle ~ Little Princess
音楽部門	東方深秘録	마음을 들썩이는 도시전설	心揺さぶる都市伝説	Heart-Stirring Urban Legends
音楽部門	東方深秘録	환상향 불가사의 발견	幻想郷ふしぎ発見	Gensokyo Mystery Discovery
音楽部門	東方深秘録	볼이 있는 일상	ボールのある日常	An Everyday Life with Balls
音楽部門	東方深秘録	나타난 전승의 형태	顕現した伝承の形	Forms of Manifested Folklore
音楽部門	東方深秘録	시대의 풍조의 방문	時代の風の訪れ	Arrival of the Winds of the Era
音楽部門	東方深秘録	가치를 모르겠어	価値がわからない	The Value Is Unrealized
音楽部門	東方深秘録	가능성을 믿고서	可能性を信じて	Believe in Possibilities
音楽部門	東方深秘録	진실을 아는 자	真実を知る者	Those Who Know the Truth
音楽部門	東方深秘録	바깥 세계 포크로어	外界フォークロア	Outside World Folklore
音楽部門	東方深秘録	각자의 결말	各々の結末	Each Ending
音楽部門	東方深秘録	밝혀지는 심비	明かされる深秘	The Arcane Is Revealed
音楽部門	東方深秘録	오컬트 아 라 카르트	オカルトアラカルト	Occult à la Carte
音楽部門	東方深秘録	일곱 구슬 수집 쇼다운	七玉蒐集ショウダウン	Seven-Orb Collection Showdown
音楽部門	東方深秘録	공정한 쟁탈전	公正なる奪い合い	Fair Scramble
音楽部門	東方深秘録	대척점의 종	対蹠地の鐘	Bell of the Antipodes
音楽部門	東方深秘録	죽림 인 플레임	竹林インフレイム	Bamboo Forest in Flames
音楽部門	東方深秘録	꽃 틈새의 배틀필드	華狭間のバトルフィールド	Battlefield of the Flower Threshold
音楽部門	東方深秘録	라스트 오컬티즘 ~ 현세의 비술사	ラストオカルティズム　～ 現し世の秘術師	Last Occultism ~ Esotericist of the Present World
音楽部門	東方紺珠伝	우주 무녀 나타나다	宇宙巫女現る	The Space Shrine Maiden Appears
音楽部門	東方紺珠伝	잊기 어려운, 인연의 푸르름	忘れがたき、よすがの緑	Unforgettable, the Nostalgic Greenery
音楽部門	東方紺珠伝	토끼는 내려앉았다	兎は舞い降りた	The Rabbit Has Landed
音楽部門	東方紺珠伝	호수는 맑은 달빛을 비추며	湖は浄めの月光を映して	The Lake Reflects the Cleansed Moonlight
音楽部門	東方紺珠伝	9월의 펌프킨	九月のパンプキン	September Pumpkin
音楽部門	東方紺珠伝	우주를 나는 이상한 무녀	宇宙を飛ぶ不思議な巫女	The Mysterious Shrine Maiden Flying Through Space
音楽部門	東方紺珠伝	영원의 춘몽	永遠の春夢	Eternal Spring Dream
音楽部門	東方紺珠伝	얼어붙은 영원의 도시	凍り付いた永遠の都	The Frozen Eternal Capital
音楽部門	東方紺珠伝	역전하는 휠 오브 포춘	逆転するホイールオブフォーチュン	Reversed Wheel of Fortune
音楽部門	東方紺珠伝	아득한 38만 킬로의 보야주	遥か38万キロのボヤージュ	Faraway Voyage of 380,000 Kilometers
音楽部門	東方紺珠伝	성조기의 피에로	星条旗のピエロ	Pierrot of the Star-Spangled Banner
音楽部門	東方紺珠伝	고향별이 비치는 바다	故郷の星が映る海	The Sea that Reflects One's Home Planet
音楽部門	東方紺珠伝	퓨어 퓨리스 ~ 마음이 있는 곳	ピュアヒューリーズ　～ 心の在処	Pure Furies ~ Whereabouts of the Heart
音楽部門	東方紺珠伝	본 적 없는 악몽의 세계	見た事も無い悪夢の世界	A World of Nightmares Never Seen Before
音楽部門	東方紺珠伝	판데모닉 플래닛	パンデモニックプラネット	Pandemonic Planet
音楽部門	東方紺珠伝	신사에서 보이는 달	神社から見える月	The Moon as Seen from the Shrine
音楽部門	東方紺珠伝	우주 무녀 귀환하다	宇宙巫女帰還する	The Space Shrine Maiden Returns Home
音楽部門	東方紺珠伝	플레이어즈 스코어	プレイヤーズスコア	Player's Score
音楽部門	東方深秘録（PS4版）	광기의 눈동자 ~ Invisible Full Moon	狂気の瞳　～ Invisible Full Moon	Lunatic Eyes ~ Invisible Full Moon
音楽部門	東方深秘録（PS4版）	네오 죽림 인 플레임	ネオ竹林インフレイム	Neo Bamboo Forest in Flames
音楽部門	東方深秘録（PS4版）	억만겁의 종	億万劫の鐘	Bell of So Many Aeons
音楽部門	東方深秘録（PS4版）	오컬트 어트랙트	オカルトアトラクト	Occult Attract
音楽部門	東方深秘録（PS4版）	경계 포크로어	境界フォークロア	Boundary Folklore
音楽部門	東方深秘録（PS4版）	언노운X ~ Occultly Madness	アンノウンX　～ Occultly Madness	Unknown X ~ Occultly Madness
音楽部門	東方深秘録（PS4版）	상모의 광기 ~ Horrible Night	相貌の狂い ～ Horrible Night	Madness of Visages ~ Horrible Night
音楽部門	東方天空璋	벚꽃 흩날리는 천공	桜舞い散る天空	The Sky Where Cherry Blossoms Flutter Down
音楽部門	東方天空璋	희망의 별은 푸른 하늘에 뜬다	希望の星は青霄に昇る	A Star of Hope Rises in the Blue Sky
音楽部門	東方天空璋	한여름 요정의 꿈	真夏の妖精の夢	A Midsummer Fairy's Dream
音楽部門	東方天空璋	가을바람은 요괴의 산으로	色無き風は妖怪の山に	The Colorless Wind on Youkai Mountain
音楽部門	東方天空璋	깊은 산 속의 인카운터	山奥のエンカウンター	Deep-Mountain Encounter
音楽部門	東方天空璋	벚꽃빛 바다를 헤엄치며	桜色の海を泳いで	Swim in a Cherry Blossom-Colored Sea
音楽部門	東方天空璋	한 쌍의 신수	一対の神獣	A Pair of Divine Beasts
音楽部門	東方天空璋	환상의 화이트 트래블러	幻想のホワイトトラベラー	Illusionary White Traveler
音楽部門	東方天空璋	마법의 삿갓 지장	魔法の笠地蔵	The Magic Straw-Hat Jizo
音楽部門	東方天空璋	금단의 문 너머는, 이승인가 저승인가	禁断の扉の向こうは、この世かあの世か	Does the Forbidden Door Lead to This World, or the World Beyond?
音楽部門	東方天空璋	크레이지 백댄서즈	クレイジーバックダンサーズ	Crazy Backup Dancers
音楽部門	東方天空璋	인투 백도어	イントゥ・バックドア	Into Backdoor
音楽部門	東方天空璋	비닉된 포 시즌스	秘匿されたフォーシーズンズ	The Concealed Four Seasons
音楽部門	東方天空璋	이젠 문으로는 들어갈 수 없어	もうドアには入れない	No More Going Through Doors
音楽部門	東方天空璋	비신 마타라 ~ Hidden Star in All Seasons	秘神マターラ　～ Hidden Star in All Seasons.	Secret God Matara ~ Hidden Star in All Seasons.
音楽部門	東方天空璋	부자연스러운 자연	不自然な自然	Unnatural Nature
音楽部門	東方天空璋	하얀 여행자	白い旅人	White Traveler
音楽部門	東方天空璋	플레이어즈 스코어	プレイヤーズスコア	Player's Score
音楽部門	東方憑依華	땅의 색은 노란색 ~ Primrose	地の色は黄色　～Primrose	The Ground's Color is Yellow ~ Primrose
音楽部門	東方憑依華	머쉬룸 왈츠	マッシュルーム・ワルツ	Mushroom Waltz
音楽部門	東方憑依華	성련선 하늘에 가다	聖輦船空を往く	The Palanquin Ship Flies in the Sky
音楽部門	東方憑依華	법력 아래의 평등	法力の下の平等	Equality Under the Law of Dharma
音楽部門	東方憑依華	항상불변의 참묘사	恒常不変の参廟祀	Constant and Unchanging Temple of Worship
音楽部門	東方憑依華	빛나는 천구의	光輝く天球儀	Shining Armillary Sphere
音楽部門	東方憑依華	계곡 캇파의 기술력	沢の河童の技術力	The Ravine Kappa's Technological Prowess
音楽部門	東方憑依華	지저에 피는 장미	地底に咲く薔薇	A Rose Blooming in the Underworld
音楽部門	東方憑依華	심록의 너구리 숲에서	深緑の狸森にて	In the Deep-Green Tanuki Forest
音楽部門	東方憑依華	심기루 연무	心綺楼演舞	Shinkirou Theatrical
音楽部門	東方憑依華	불멸의 레드 소울	不滅のレッドソウル	Immortal Red Soul
音楽部門	東方憑依華	지는 해에 비치는 뒤집힌 성	落日に生える逆さ城	The Inverted Castle Lit by the Setting Sun
音楽部門	東方憑依華	천 개의 시련을 넘어	千の試練を超えて	Overcome a Thousand Trials
音楽部門	東方憑依華	꿈의 세계 포크로어	夢世界フォークロア	Dream World Folklore
音楽部門	東方憑依華	영원히 이어지는 회랑	永遠に続く回廊	Corridor Stretching to Eternity
音楽部門	東方憑依華	슬립 십 퍼레이드	スリープシープ・パレード	Sleep Sheep Parade
音楽部門	東方憑依華	다가오는 유정천	至る有頂天	Bhavaagra as Far as the Eye Can See
音楽部門	東方憑依華	요리마시는 꿈과 현실 사이에 ~ Necro-Fantasia	憑坐は夢と現の間に　～ Necro-Fantasia	Yorimashi Between Dreams and Reality ~ Necro-Fantasia
音楽部門	東方憑依華	오늘 밤은 표일한 에고이스트(Live ver) ~ Egoistic Flowers.	今宵は飄逸なエゴイスト(Live ver)　～ Egoistic Flowers.	Tonight Stars an Easygoing Egoist (Live ver.) ~ Egoistic Flowers.
音楽部門	東方憑依華	오컬트 어트랙트	オカルトアトラクト	Occult Attract
音楽部門	東方憑依華	네오 죽림 인 플레임	ネオ竹林インフレイム	Neo Bamboo Forest in Flames
音楽部門	東方憑依華	억만겁의 종	億万劫の鐘	Bell of So Many Aeons
音楽部門	東方憑依華	언노운X ~ Occultly Madness	アンノウンX　～ Occultly Madness	Unknown X ~ Occultly Madness
音楽部門	東方憑依華	빛나는 바늘의 소인족 ~ Little Princess	輝く針の小人族　～ Little Princess	Inchlings of the Shining Needle ~ Little Princess
音楽部門	東方憑依華	꽃 틈새의 배틀필드	華狭間のバトルフィールド	Battlefield of the Flower Threshold
音楽部門	東方憑依華	라스트 오컬티즘 ~ 현세의 비술사	ラストオカルティズム　～ 現し世の秘術師	Last Occultism ~ Esotericist of the Present World
音楽部門	東方憑依華	광기의 눈동자 ~ Invisible Full Moon	狂気の瞳　～ Invisible Full Moon	Lunatic Eyes ~ Invisible Full Moon
音楽部門	東方憑依華	영원의 춘몽	永遠の春夢	Eternal Spring Dream
音楽部門	東方憑依華	유정천변 ~ Wonderful Heaven	有頂天変　～ Wonderful Heaven	Catastrophe in Bhavaagra ~ Wonderful Heaven
音楽部門	東方憑依華	밤이 내려온다 ~ Evening Star	夜が降りてくる　～ Evening Star	Night Falls ~ Evening Star
音楽部門	東方憑依華	빙의투합	憑依投合	Being Things Eye To Eye
音楽部門	東方憑依華	연대책인	連帯責人	The One Jointly Responsible
音楽部門	東方憑依華	합록기록	合縁奇縁	An Odd Couple
音楽部門	東方憑依華	이심동체	異心同体	Two Minds of One Body
音楽部門	東方憑依華	장언대어	壮言大語	Grandiloquence
音楽部門	東方憑依華	지략종횡	知略縦横	Scheming Outside the Box
音楽部門	東方憑依華	의기양양	意気揚々	In High Spirits
音楽部門	東方憑依華	개연간근	開演間近	The Curtain Shall Rise Soon
音楽部門	東方憑依華	천의무봉 ~ Yellow Lily	天衣無縫　～ Yellow Lily	Flawless as Clothing of the Celestials ~ Yellow Lily
音楽部門	東方憑依華	행운유수	行雲流水	Floating with the Tide
音楽部門	東方憑依華	이변의 씨앗	異変の種子	Seeds of the Incident
音楽部門	東方憑依華	싹트는 의혹	疑惑の芽生え	Sprouts of Suspicion
音楽部門	東方憑依華	아직 피지 않은 빙의화	未だ蕾む憑依華	Possession Flowers Yet to Bud
音楽部門	東方憑依華	진상으로 이어지는 지엽	真相へ繋がる枝葉	Branches Reaching to the Truth
音楽部門	東方憑依華	피어나는 빙의화	咲き誇る憑依華	Possession Flowers in Full Bloom
音楽部門	東方憑依華	흩날리는 빙의화 꽃보라	舞い散る憑依華吹雪	Blizzard of Scattering Possession Flowers
音楽部門	東方憑依華	유구한 증기기관	悠久の蒸気機関	The Eternal Steam Engine
音楽部門	秘封ナイトメアダイアリー	악몽일기	悪夢日記	Nightmare Journal
音楽部門	秘封ナイトメアダイアリー	루시드 드리머	ルーシッドドリーマー	Lucid Dreamer
音楽部門	秘封ナイトメアダイアリー	루나틱 드리머	ルナティックドリーマー	Lunatic Dreamer
音楽部門	秘封ナイトメアダイアリー	나이트메어 다이어리	ナイトメアダイアリー	Nightmare Diary
音楽部門	秘封ナイトメアダイアリー	바 올드 아담	バー・オールドアダム	"""Old Adam"" Bar"
音楽部門	秘封ナイトメアダイアリー	연석박물지가 가져온 어둠	燕石博物誌が連れてきた闇	The Darkness Brought In by Swallowstone Naturalis Historia
音楽部門	秘封ナイトメアダイアリー	영원의 춘몽	永遠の春夢	Eternal Spring Dream
音楽部門	秘封ナイトメアダイアリー	비닉된 포 시즌스	秘匿されたフォーシーズンズ	The Concealed Four Seasons
音楽部門	東方鬼形獣	말 못 하는 짐승의 영혼	物言わぬ獣の霊	Silent Beast Spirits
音楽部門	東方鬼形獣	지장만이 아는 애탄	地蔵だけが知る哀嘆	The Lamentations Known Only by Jizo
音楽部門	東方鬼形獣	젤리 스톤	ジェリーストーン	Jelly Stone
音楽部門	東方鬼形獣	로스트 리버	ロストリバー	Lost River
音楽部門	東方鬼形獣	돌의 갓난아이와 물 속의 소	石の赤子と水中の牛	The Stone Baby and the Submerged Bovine
音楽部門	東方鬼形獣	불후의 만주사화	不朽の曼珠沙華	Everlasting Red Spider Lily
音楽部門	東方鬼形獣	세라픽 치킨	セラフィックチキン	Seraphic Chicken
音楽部門	東方鬼形獣	언로케이티드 헬	アンロケイテッドヘル	Unlocated Hell
音楽部門	東方鬼形獣	토터스 드래곤 ~ 행운과 불운	トータスドラゴン　〜幸運と不運	Tortoise Dragon ~ Fortune and Misfortune
音楽部門	東方鬼形獣	비스트 메트로폴리스	ビーストメトロポリス	Beast Metropolis
音楽部門	東方鬼形獣	세라믹스의 장도인	セラミックスの杖刀人	Joutoujin of Ceramics
音楽部門	東方鬼形獣	일렉트릭 헤리티지	エレクトリックヘリテージ	Electric Heritage
音楽部門	東方鬼形獣	우상에 세계를 맡기고 ~ Idoratrize World	偶像に世界を委ねて　〜Idoratrize World	Entrust this World to Idols ~ Idolatrize World
音楽部門	東方鬼形獣	눈부신 약육강식의 규칙	輝かしき弱肉強食の掟	The Shining Law of the Strong Eating the Weak
音楽部門	東方鬼形獣	쇼토쿠 태자의 페가수스 ~ Dark Pegasus	聖徳太子のペガサス　〜Dark Pegasus	Prince Shoutoku's Pegasus ~ Dark Pegasus
音楽部門	東方鬼形獣	축생들의 휴식	畜生達の休息	The Animals' Rest
音楽部門	東方鬼形獣	지하에서의 귀환	地下からの帰還	Returning Home from the Underground
音楽部門	東方虹龍洞	무지개가 걸린 환상향	虹の架かる幻想郷	A Rainbow Spanning Gensokyo
音楽部門	東方虹龍洞	요괴들의 소나기	妖異達の通り雨	A Shower of Strange Occurrences
音楽部門	東方虹龍洞	대길 키튼	大吉キトゥン	Kitten of Great Fortune
音楽部門	東方虹龍洞	심록에 숨겨진 절벽	深緑に隠された断崖	The Cliff Hidden in Deep Green
音楽部門	東方虹龍洞	밴디트리 테크놀로지	バンデットリィテクノロジー	Banditry Technology
音楽部門	東方虹龍洞	망아지풀이 피는 퍼페추얼 스노우	駒草咲くパーペチュアルスノー	The Perpetual Snow of Komakusa Blossoms
音楽部門	東方虹龍洞	스모킹 드래곤	スモーキングドラゴン	Smoking Dragon
音楽部門	東方虹龍洞	스러져가는 산업유구	廃れゆく産業遺構	The Obsolescent Industrial Remains
音楽部門	東方虹龍洞	신대 광석	神代鉱石	Ore from the Age of the Gods
音楽部門	東方虹龍洞	애타게 기다리던 황혼녘	待ちわびた逢魔が時	The Long-Awaited Oumagatoki
音楽部門	東方虹龍洞	별이 지는 천마의 산	星降る天魔の山	Starry Mountain of Tenma
音楽部門	東方虹龍洞	루나 레인보우	ルナレインボー	Lunar Rainbow
音楽部門	東方虹龍洞	그 활기찬 시장은 지금 어디에 ~ Immemorial Marketeers	あの賑やかな市場は今どこに　〜 Immemorial Marketeers	Where Is That Bustling Marketplace Now ~ Immemorial Marketeers
音楽部門	東方虹龍洞	환상의 지하 대선로망	幻想の地下大線路網	The Great Fantastic Underground Railway Network
音楽部門	東方虹龍洞	용왕을 죽이는 프린세스	龍王殺しのプリンセス	The Princess Who Slays Dragon Kings
音楽部門	東方虹龍洞	폭풍 후의 일요일	嵐の後の日曜日	The Sunday After the Storm
音楽部門	東方虹龍洞	무지갯빛 세계	虹色の世界	A Rainbow-Colored World
音楽部門	東方剛欲異聞	수몰된 침수지옥	水没した沈愁地獄	Submerged Hell of Sunken Sorrow
音楽部門	東方剛欲異聞	마법사의 우울	魔法使いの憂鬱	Magician's Melancholy
音楽部門	東方剛欲異聞	어둠의 풍혈	暗闇の風穴	The Dark Blowhole
音楽部門	東方剛欲異聞	옛 지옥 길거리를 가다	旧地獄街道を行く	Walking the Streets of a Former Hell
音楽部門	東方剛欲異聞	업화 맨틀	業火マントル	Hellfire Mantle
音楽部門	東方剛欲異聞	기둥의 묘지	御柱の墓場	Cemetery of Onbashira
音楽部門	東方剛欲異聞	불후의 만주사화	不朽の曼殊沙華	Everlasting Red Spider Lily
音楽部門	東方剛欲異聞	마법소녀들의 백년제	魔法少女達の百年祭	The Centennial Festival for Magical Girls
音楽部門	東方剛欲異聞	소녀기상곡 ~ Capriccio	少女綺想曲	Maiden's Capriccio
音楽部門	東方剛欲異聞	사랑색 마스터 스파크	恋色マスタースパーク	Love-Colored Master Spark
音楽部門	東方剛欲異聞	봉인당한 요괴	封じられた妖怪	The Sealed-Away Youkai
音楽部門	東方剛欲異聞	만년 방치된 우산에 주의를	万年置き傘にご注意を	Beware the Umbrella Left There Forever
音楽部門	東方剛欲異聞	캡틴 무라사	キャプテンムラサ	Captain Murasa
音楽部門	東方剛欲異聞	신성하고 장엄한 옛 전장	神さびた古戦場	The Venerable Ancient Battlefield
音楽部門	東方剛欲異聞	오늘 밤은 표일한 에고이스트 ~ Egoistic Flowers	今宵は飄逸なエゴイスト　～ Egoistic Flowers.	Tonight Stars an Easygoing Egoist ~ Egoistic Flowers
音楽部門	東方剛欲異聞	꽃의 술잔 오오에야마	華のさかづき大江山	A Flower-Studded Sake Dish on Mt. Ooe
音楽部門	東方剛欲異聞	영지의 태양신앙	霊知の太陽信仰	Solar Sect of Mystic Wisdom
音楽部門	東方剛欲異聞	세라픽 치킨	セラフィックチキン	Seraphic Chicken
音楽部門	東方剛欲異聞	U.N.오웬은 그녀인가?	U.N.オーエンは彼女なのか？	U.N. Owen Was Her?
音楽部門	東方剛欲異聞	대지의 아래, 강욕의 바다	大地の底、剛欲の海	Depths of the Earth, Ocean of Avarice
音楽部門	東方剛欲異聞	탐욕스러운 짐승의 메멘토	強欲な獣のメメント	Memento of the Avaricious Beast
音楽部門	東方剛欲異聞	모든 유기체들의 메멘토 ~ Memory of Fossil Energy.	有機体全てのメメント　～ Memory of Fossil Energy.	Memento of All Organisms ~ Memory of Fossil Energy.
音楽部門	東方剛欲異聞	천리인욕	天理人欲	Laws of Heaven, Desires of Man
音楽部門	東方剛欲異聞	동방강욕이문	東方剛欲異聞	Eastern Strange Tale of Avarice
音楽部門	東方剛欲異聞	이젠 문으로는 들어갈 수 없어	もうドアには入れない	No More Going Through Doors
音楽部門	東方剛欲異聞	비신 마타라	秘神マターラ	Secret God Matara
音楽部門	バレットフィリア達の闇市場	수집가의 우울한 오후	コレクターの憂鬱な午後	The Collector's Melancholy Afternoon
音楽部門	バレットフィリア達の闇市場	두근거리는 익숙한 환상향	ワクワクする見慣れた幻想郷	An Exciting and Familiar Gensokyo
音楽部門	バレットフィリア達の闇市場	요괴 훅 온	妖怪フックオン	Youkai Hook On
音楽部門	バレットフィリア達の闇市場	암시장은 장소를 가리지 않는다	闇市場は場所を選ばない	Black Markets Can Happen Anywhere, Anytime
音楽部門	バレットフィリア達の闇市場	탄막을 들어라, 불릿필리아들아	弾幕を持て、バレットフィリア達よ	Take Thy Danmaku In Hand, O Bulletphiles
音楽部門	バレットフィリア達の闇市場	100번째 블랙 마켓	100回目のブラックマーケット	The 100th Black Market
音楽部門	バレットフィリア達の闇市場	루나틱 드리머	ルナティックドリーマー	Lunatic Dreamer
音楽部門	バレットフィリア達の闇市場	루나 레인보우	ルナレインボー	Lunar Rainbow
音楽部門	バレットフィリア達の闇市場	그 활기찬 시장은 지금 어디에 ~ Immemorial Marketeers	あの賑やかな市場は今どこに　〜 Immemorial Marketeers	Where Is That Bustling Marketplace Now ~ Immemorial Marketeers
音楽部門	バレットフィリア達の闇市場	무지갯빛 세계	虹色の世界	A Rainbow-Colored World
音楽部門	東方獣王園	짐승의 지성	獣の知性	A Beast's Intelligence
音楽部門	東方獣王園	세계는 귀엽게 만들어져 있다	世界は可愛く出来ている	The World Is Made in an Adorable Way
音楽部門	東方獣王園	마수 스크램블	魔獣スクランブル	Magical Beast Scramble
音楽部門	東方獣王園	오니는 유구의 산에	鬼は悠久の山に	The Oni on the Perpetual Mountain
音楽部門	東方獣王園	타이니 샹그릴라	タイニーシャングリラ	Tiny Shangri-La
音楽部門	東方獣王園	용감하고 한가로운 요수	勇敢で有閑な妖獣	A Brave and Leisurely Beast
音楽部門	東方獣王園	흡혈괴수 추파카브라	吸血怪獣チュパカブラ	Vampiric Cryptid Chupacabra
音楽部門	東方獣王園	뒤돌아보지 않는 황천길	振り向かない黄泉の道	The Path to Yomi Where None Turn Back
音楽部門	東方獣王園	일탈자들의 무애광 ~ Kingdom of Nothingness.	逸脱者達の無礙光　～ Kingdom of Nothingness	The Deviants' Unobstructed Light ~ Kingdom of Nothingness.
音楽部門	東方獣王園	소녀가 본 일본의 원풍경	少女が見た日本の原風景	The Primal Scene of Japan the Girl Saw
音楽部門	東方獣王園	요요발호 ~ Who done it!	妖々跋扈　～ Who done it!	Spiritual Domination ~ Who done it!
音楽部門	東方獣王園	한 쌍의 신수	一対の神獣	A Pair of Divine Beasts
音楽部門	東方獣王園	봄의 항구에서	春の湊に	At the Harbor of Spring
音楽部門	東方獣王園	잊기 어려운, 인연의 푸르름	忘れがたき、よすがの緑	Unforgettable, the Nostalgic Greenery
音楽部門	東方獣王園	시체여행 ~ Be of good cheer!	死体旅行　～ Be of good cheer!	Corpse Voyage ~ Be of good cheer!
音楽部門	東方獣王園	애타게 기다리던 황혼녘	待ちわびた逢魔が時	The Long-Awaited Oumagatoki
音楽部門	東方獣王園	사도의 후타츠이와	佐渡の二ッ岩	Futatsuiwa from Sado
音楽部門	東方獣王園	토터스 드래곤 ~ 행운과 불운	トータスドラゴン　～ 幸運と不運	Tortoise Dragon ~ Fortune and Misfortune
音楽部門	東方獣王園	쇼토쿠 태자의 페가수스 ~ Dark Pegasus	聖徳太子のペガサス〜Dark Pegasus	Prince Shoutoku's Pegasus ~ Dark Pegasus
音楽部門	東方獣王園	탐욕스러운 짐승의 메멘토	強欲な獣のメメント	Memento of the Avaricious Beast
音楽部門	東方獣王園	수왕들의 휴식	獣王達の休息	Beast Kings' Rest
音楽部門	東方獣王園	짐승에게 지성은 있는가	獣に知性はあるか	Do Beasts Have Intelligence?
音楽部門	東方獣王園	獣王園ストーリー前半会話曲（曲名不明）	獣王園ストーリー前半会話曲（曲名不明）	Pre-Battle Conversation theme of first half (name unknown)
音楽部門	東方獣王園	獣王園ストーリー後半会話曲（曲名不明）	獣王園ストーリー後半会話曲（曲名不明）	Pre-Battle Conversation theme of second half (name unknown).
音楽部門	東方錦上京	비단 위의 무녀	錦の上の巫女	Shrine Maiden Crowned with Glory
音楽部門	東方錦上京	사랑스러운 티끌의 거처	愛おしき塵の住処	Beloved Dwelling of Dust
音楽部門	東方錦上京	설령 세계로부터 잊혀져도	例え世界から忘れられても	Even if Forgotten by the World
音楽部門	東方錦上京	세이크리드 포레스트	セイクリッドフォレスト	Sacred Forest
音楽部門	東方錦上京	숲에는 요괴가 있어요	森にはお化けがいるよ	There's a Monster in the Woods
音楽部門	東方錦上京	프레스터 존의 황금경	プレステ・ジョアンの黄金境	Golden Land of Prester John
音楽部門	東方錦上京	이왕이면 목숨을 걸고 수수께끼를 풀어라	どうせなら命を賭けて謎を解け	Might as Well Risk Your Life to Solve the Riddle
音楽部門	東方靈異伝	A Sacred Lot	A Sacred Lot	A Sacred Lot
音楽部門	東方靈異伝	영원의 무녀	永遠の巫女	Eternal Shrine Maiden
音楽部門	東方靈異伝	The Positive and Negative	The Positive and Negative	The Positive and Negative
音楽部門	東方靈異伝	Highly Responsive to Prayers	Highly Responsive to Prayers	Highly Responsive to Prayers
音楽部門	東方靈異伝	동방괴기담	東方怪奇談	Eastern Tale of Fancy
音楽部門	東方靈異伝	천사전설	天使伝説	Angel's Legend
音楽部門	東方靈異伝	Oriental Magician	Oriental Magician	Oriental Magician
音楽部門	東方靈異伝	파사의 소태도	破邪の小太刀	Small Evil-Crushing Blade
音楽部門	東方靈異伝	마경	魔鏡	Magic Mirror
音楽部門	東方靈異伝	the Legend of KAGE	the Legend of KAGE	the Legend of KAGE
音楽部門	東方靈異伝	자, 쓰러져 죽을 때까지	いざ、倒れ逝くその時まで	Now, Until the Moment You Die
音楽部門	東方靈異伝	Civilization of Magic	Civilization of Magic	Civilization of Magic
音楽部門	東方靈異伝	성유검사(성유천사)	星幽剣士（星幽天使）	Swordsman of a Distant Star (Angel of a Distant Star)
音楽部門	東方靈異伝	아이리스	アイリス	Iris
音楽部門	東方靈異伝	바람의 신사	風の神社	Shrine of the Wind
音楽部門	東方封魔録	동방봉마록 ~ 정토만다라	東方封魔録　～ 浄土曼荼羅	Eastern Demon-Sealing Record ~ Pure Land Mandala
音楽部門	東方封魔録	하쿠레이 ~ Eastern Wind	博麗　～ Eastern Wind	Hakurei ~ Eastern Wind
音楽部門	東方封魔録	She's in a temper!!	She's in a temper!!	She's in a temper!!
音楽部門	東方封魔録	End of Daylight	End of Daylight	End of Daylight
音楽部門	東方封魔録	어둠의 힘	やみのちから	Power of Darkness
音楽部門	東方封魔録	환몽계	幻夢界	World of Fantasies
音楽部門	東方封魔録	죽음을 걸고	死を賭して	Bet on Death
音楽部門	東方封魔録	신단, 자줏빛으로 타올라	ひもろぎ、むらさきにもえ	Himorogi, Burn in Violet
音楽部門	東方封魔録	사랑색 매직	恋色マジック	Love-Colored Magic
音楽部門	東方封魔録	동방봉마록 ~ 유환난무	東方封魔録　～ 幽幻乱舞	Eastern Demon-Sealing Record ~ Spectral Boisterous Dance
音楽部門	東方封魔録	Complete Darkness	Complete Darkness	Complete Darkness
音楽部門	東方封魔録	엑스트라 러브	エキストララブ	Extra Love
音楽部門	東方封魔録	전차 아가씨가 꾸는 꿈	戦車むすめのみるゆめ	The Tank Girl's Dream
音楽部門	東方封魔録	토오노의 숲	遠野の森	Forest of Tono
音楽部門	東方封魔録	옛날이야기 원더랜드	昔話わんだーらんど	Legendary Wonderland
音楽部門	東方封魔録	하쿠레이 신사 경내	博麗神社境内	Hakurei Shrine Grounds
音楽部門	東方封魔録	해가 지고	陽落ちて	Sunfall
音楽部門	東方封魔録	봉마종연	封魔終演	Demon-Sealing Finale
音楽部門	東方夢時空	꿈은 시공을 넘어서	夢は時空を越えて	A Dream Transcending Space-Time
音楽部門	東方夢時空	Selection	Selection	Selection
音楽部門	東方夢時空	동방요연담	東方妖恋談	Eastern Mystical Tale of Romance
音楽部門	東方夢時空	Reincarnation	Reincarnation	Reincarnation
音楽部門	東方夢時空	Dim. Dream	Dim. Dream	Dim. Dream
音楽部門	東方夢時空	Tabula rasa ~ 공백소녀	Tabula rasa　～ 空白少女	Tabula rasa ~ The Empty Girl
音楽部門	東方夢時空	Maniacal Princess	Maniacal Princess	Maniacal Princess
音楽部門	東方夢時空	몽소실 ~ Lost Dream	夢消失　～ Lost Dream	Vanishing Dream ~ Lost Dream
音楽部門	東方夢時空	몽환유희 ~ Dream War	夢幻遊戯　～ Dream War	Visionary Game ~ Dream War
音楽部門	東方夢時空	마법결전! ~ Fight it out!	魔法決戦！　～ Fight it out!	Decisive Magic Battle! ~ Fight it out!
音楽部門	東方夢時空	Sailor of Time	Sailor of Time	Disunified Field Theory of Magic
音楽部門	東方夢時空	Strawberry Crisis!!	Strawberry Crisis!!	Sailor of Time
音楽部門	東方夢時空	비통일 마법세계론	非統一魔法世界論	Adoration of Magic
音楽部門	東方夢時空	마법종애	魔法鐘愛	Strawberry Crisis!!
音楽部門	東方夢時空	구원의 꿈	久遠の夢	Dream of Eternity
音楽部門	東方夢時空	동방의 파란 하늘	東方の青い空	Eastern Blue Sky
音楽部門	東方夢時空	영원의 만월	永遠の満月	Eternal Full Moon
音楽部門	東方夢時空	Maple Dream...	Maple Dream...	Maple Dream...
音楽部門	東方夢時空	영인의 휴일	霊人の休日	Ghostly Person's Holiday
音楽部門	東方夢時空	승리 데모	勝利デモ	Victory Demonstration
音楽部門	東方夢時空	게임오버	ゲームオーバー	Game Over
音楽部門	東方夢時空	시간의 바람	時の風	Winds of Time
音楽部門	東方夢時空	스타보우 드림	スターボウドリーム	Starbow Dream
音楽部門	東方夢時空	Phantasmagoria	Phantasmagoria	Phantasmagoria
音楽部門	東方幻想郷	환상향 ~ Lotus Land Story	幻想郷　～ Lotus Land Story	Gensokyo ~ Lotus Land Story
音楽部門	東方幻想郷	Witching Dream	Witching Dream	Witching Dream
音楽部門	東方幻想郷	Selene's light	Selene's light	Selene's light
音楽部門	東方幻想郷	장식전 ~ Decoration Battle	装飾戦　～ Decoration Battle	Decoration Battle
音楽部門	東方幻想郷	Break the Sabbath	Break the Sabbath	Break the Sabbath
音楽部門	東方幻想郷	홍향곡 ~ Scarlet Phoneme	紅響曲　～ Scarlet Phoneme	Scarlet Symphony ~ Scarlet Phoneme
音楽部門	東方幻想郷	Bad Apple!!	Bad Apple!!	Bad Apple!!
音楽部門	東方幻想郷	영전 ~ Perdition crisis	霊戦　～ Perdition crisis	Spirit Battle ~ Perdition crisis
音楽部門	東方幻想郷	앨리스 마에스트라	アリスマエステラ	Alice Maestra
音楽部門	東方幻想郷	소녀기상곡 ~ Capriccio	少女綺想曲　～ Capriccio	Maiden's Capriccio ~ Cappriccio
音楽部門	東方幻想郷	별의 그릇 ~ Casket of Star	星の器　～ Casket of Star	Vessel of Stars ~ Casket of Star
音楽部門	東方幻想郷	Lotus Love	Lotus Love	Lotus Love
音楽部門	東方幻想郷	잠자는 공포 ~ Sleeping Terror	眠れる恐怖　～ Sleeping Terror	Sleeping Terror
音楽部門	東方幻想郷	Dream Land	Dream Land	Dream Land
音楽部門	東方幻想郷	유몽 ~ Inanimate Dream	幽夢　～ Inanimate Dream	Faint Dream ~ Inanimate Dream
音楽部門	東方幻想郷	금지될 수밖에 없는 유희	禁じざるをえない遊戯	The Inevitably Forbidden Game
音楽部門	東方幻想郷	메이드 환상 ~ Icemilk Magic	メイド幻想　～ Icemilk Magic	Illusion of a Maid ~ Icemilk Magic
音楽部門	東方幻想郷	귀여운 악마 ~ Innocence	かわいい悪魔　～ Innocence	Cute Devil ~ Innocence
音楽部門	東方幻想郷	Days	Days	Days
音楽部門	東方幻想郷	Peaceful	Peaceful	Peaceful
音楽部門	東方幻想郷	Arcadian Dream	Arcadian Dream	Arcadian Dream
音楽部門	東方幻想郷	환상의 주인	幻想の住人	Those Who Live in Illusions
音楽部門	東方幻想郷	Lotus Road	Lotus Road	Lotus Road
音楽部門	東方幻想郷	Dreamy pilot	Dreamy pilot	Dreamy pilot
音楽部門	東方幻想郷	Incomplete Plot	Incomplete Plot	Incomplete Plot
音楽部門	東方幻想郷	Border Land	Border Land	Border Land
音楽部門	東方幻想郷	Magic Shop of Raspberry	Magic Shop of Raspberry	Magic Shop of Raspberry
音楽部門	東方幻想郷	Crescent Dream	Crescent Dream	Crescent Dream
音楽部門	東方怪綺談	괴기담 ~ Mystic Square	怪綺談　～ Mystic Square	Bizarre Romantic Story ~ Mystic Square
音楽部門	東方怪綺談	Dream Express	Dream Express	Dream Express
音楽部門	東方怪綺談	마법진 ~ Magic Square	魔法陣　～ Magic Square	Magic Square
音楽部門	東方怪綺談	몽상시공	夢想時空	Dimension of Reverie
音楽部門	東方怪綺談	영천 ~ Spiritual Heaven	霊天　～ Spiritual Heaven	Spiritual Heaven
音楽部門	東方怪綺談	Romantic Children	Romantic Children	Romantic Children
音楽部門	東方怪綺談	플라스틱 마인드	プラスチックマインド	Plastic Mind
音楽部門	東方怪綺談	메이플 와이즈	メイプルワイズ	Maple Wise
音楽部門	東方怪綺談	금단의 마법 ~ Forbidden Magic	禁断の魔法　～ Forbidden Magic	Forbidden Magic
音楽部門	東方怪綺談	진홍의 소녀 ~ Crimson Dead!!	真紅の少女　～ Crimson Dead!!	Crimson Maiden ~ Crimson Dead!!
音楽部門	東方怪綺談	배신의 소녀 ~ Judas Kiss	裏切りの少女　～ Judas Kiss	Treacherous Maiden ~ Judas Kiss
音楽部門	東方怪綺談	the Last Judgement	the Last Judgement	the Last Judgement
音楽部門	東方怪綺談	가엾은 인형 ~ Doll of Misery	悲しき人形　～ Doll of Misery	Doll of Misery
音楽部門	東方怪綺談	세계의 끝 ~ World's End	世界の果て　～ World's End	End of the World ~ World's End
音楽部門	東方怪綺談	신화환상 ~ Infinite Being	神話幻想　～ Infinite Being	Legendary Illusion ~ Infinite Being
音楽部門	東方怪綺談	이상한 나라의 앨리스	不思議の国のアリス	Alice in Wonderland
音楽部門	東方怪綺談	the Grimoire of Alice	the Grimoire of Alice	the Grimoire of Alice
音楽部門	東方怪綺談	신사	神社	Shinto Shrine
音楽部門	東方怪綺談	Endless	Endless	Endless
音楽部門	東方怪綺談	구원의 낙원	久遠の楽園	Eternal Paradise
音楽部門	東方怪綺談	Mystic Dream	Mystic Dream	Mystic Dream
音楽部門	東方怪綺談	Peaceful Romancer	Peaceful Romancer	Peaceful Romancer
音楽部門	東方怪綺談	영혼이 쉬는 곳	魂の休らむ所	Soul's Resting Place
音楽部門	幺樂団の歴史	테마 오브 이스턴 스토리	テーマ・オブ・イースタンストーリー	Theme of Eastern Story
音楽部門	東方文花帖（書籍）	풍신소녀	風神少女	Wind God Girl
音楽部門	東方文花帖（書籍）	말괄량이 연랑의 모험	おてんば恋娘の冒険	Adventure of the Lovestruck Tomboy
音楽部門	東方文花帖（書籍）	화영총 ~ After Higan Retour	花映塚　～ after Higan Retour	Flower Reflecting Mound ~ after Higan Retour
音楽部門	東方求聞史紀	재패니즈 사가	ジャパニーズサーガ	Japanese Saga
音楽部門	東方求聞史紀	아레의 자손	阿礼の子供	Child of Are
音楽部門	東方求聞史紀	밤의 히토야마를 날다 - Power MIX	夜の鳩山を飛ぶ‐Power Mix	Fly above Hatoyama at night - Power MIX
音楽部門	東方三月精	서니 루틸 플렉션	サニールチルフレクション	Sunny Rutile Flection
音楽部門	東方三月精	밤이니까 잠들 수 없어	夜だから眠れない	Can't Sleep Because It's Nighttime
音楽部門	東方三月精	요정, 반짝반짝하게	妖精燦々として	Like the Brilliance of Fairies
音楽部門	東方三月精	서니 밀크의 홍무이변	サニーミルクの紅霧異変	Sunny Milk's Scarlet Mist Incident
音楽部門	東方三月精	눈과 달과 벚꽃의 나라	雪月桜花の国	A Land Resplendent With Nature's Beauty
音楽部門	東方三月精	스타 보야주 2008	スターヴォヤージュ2008	Star Voyage 2008
音楽部門	東方三月精	귀여운 대전쟁의 리프레인	可愛い大戦争のリフレーン	The Refrain of the Lovely Great War
音楽部門	東方三月精	페어리 모험담	フェアリー冒険譚	The Fairy's Adventurous Tale
音楽部門	東方三月精	두 개의 세계	二つの世界	Two Worlds
音楽部門	東方三月精	신역의 숨바꼭질 생활	神域のかくれんぼ暮らし	The Hide-and-Seek Lifestyle at the Shrine
音楽部門	東方三月精	요괴 모던 콜로니	妖怪モダンコロニー	Youkai Modern Colony
音楽部門	東方三月精	언제나 정신없는 호기심	年中夢中の好奇心	Year-Round Absorbed Curiosity
音楽部門	東方三月精	한밤중의 페어리 댄스	真夜中のフェアリーダンス	A Midnight Fairy Dance
音楽部門	東方三月精	요정대전쟁 ~ Fairy Wars	妖精大戦争　～ Fairy Wars	Great Fairy Wars ~ Fairy Wars
音楽部門	東方三月精	메이거스 나이트	メイガスナイト	Magus Night
音楽部門	東方三月精	오랜 위안셴	古きユアンシェン	Old Yuanxian
音楽部門	東方儚月抄	요괴우주여행	妖怪宇宙旅行	Youkai Space Travel
音楽部門	東方儚月抄	와타츠키의 스펠카드 ~ Lunatic Blue	綿月のスペルカード　～ Lunatic Blue	Watatsuki's Spell Card ~ Lunatic Blue
音楽部門	東方儚月抄	주정뱅이의 레무리아 (Retro Ver)	呑んべぇのレムリア (Retro Ver)	A Drunkard's Lemuria (Retro Ver)
音楽部門	The Grimoire of Marisa	마법사의 우울	魔法使いの憂鬱	Magician's Melancholy
音楽部門	The Grimoire of Marisa	스푸트니크 환야	スプートニク幻夜	Illusionary Sputnik Night
音楽部門	東方鈴奈庵	판독안의 비블리오필리아	判読眼のビブロフィリア	Bibliophile with a Deciphering Eye
音楽部門	東方鈴奈庵	운하를 다니는 인요	運河を行き交う人妖	Humans and Youkai Coming and Going at the Canal
音楽部門	東方鈴奈庵	토끼는 내려앉았다	兎は舞い降りた	The Rabbit Has Landed
音楽部門	蓬莱人形	봉래전설	蓬莱伝説	Legend of Hourai
音楽部門	蓬莱人形	이색연화접 ~ Red and White	二色蓮花蝶　～ Red and White	Dichromatic Lotus Butterfly ~ Red and White
音楽部門	蓬莱人形	앵화지연총 ~ Japanese Flower	桜花之恋塚　～ Japanese Flower	Lovely Mound of Cherry Blossoms ~ Japanese Flower
音楽部門	蓬莱人形	메이지 17년의 상하이 앨리스	明治十七年の上海アリス	Shanghai Alice of Meiji 17
音楽部門	蓬莱人形	동방괴기담	東方怪奇談	Eastern Tale of Fancy
音楽部門	蓬莱人形	에니그마틱 돌	エニグマティクドール	Enigmatic Doll
音楽部門	蓬莱人形	서커스 레버리	サーカスレヴァリエ	Circus Reverie
音楽部門	蓬莱人形	인형의 숲	人形の森	Forest of Dolls
音楽部門	蓬莱人形	Witch of Love Potion	Witch of Love Potion	Witch of Love Potion
音楽部門	蓬莱人形	리인카네이션	リーインカーネイション	Reincarnation
音楽部門	蓬莱人形	U.N.오웬은 그녀인가?	U.N.オーエンは彼女なのか？	U.N. Owen was Her?
音楽部門	蓬莱人形	영원의 무녀	永遠の巫女	Eternal Shrine Maiden
音楽部門	蓬莱人形	하늘을 나는 무녀의 이상한 매일	空飛ぶ巫女の不思議な毎日	The Wonderous Everyday Life of the Flying Shrine Maiden
音楽部門	蓮台野夜行	밤의 덴데라노를 가다	夜のデンデラ野を逝く	Passing on Through the Dendera Fields in the Night
音楽部門	蓮台野夜行	소녀비봉클럽	少女秘封倶楽部	Girls' Secret Sealing Club
音楽部門	蓮台野夜行	동방요요몽 ~ Ancient Temple	東方妖々夢　～ Ancient Temple	Eastern Ghostly Dream ~ Ancient Temple
音楽部門	蓮台野夜行	오래된 명계사	古の冥界寺	Ancient Temple of the Netherworld
音楽部門	蓮台野夜行	환시의 밤 ~ Ghostly Eyes	幻視の夜　～ Ghostly Eyes	Illusionary Night ~ Ghostly Eyes
音楽部門	蓮台野夜行	마술사 메리	魔術師メリー	Merry the Magician
音楽部門	蓮台野夜行	달의 요조, 요괴고양이의 환상	月の妖鳥、化猫の幻	Youkai Bird of the Moon, Illusion of the Bakeneko
音楽部門	蓮台野夜行	과거의 꽃 ~ Fairy of Flower	過去の花　～ Fairy of Flower	Flower of Past Days ~ Fairy of Flower
音楽部門	蓮台野夜行	마법소녀 십자군	魔法少女十字軍	Magical Girl's Crusade
音楽部門	蓮台野夜行	소녀환장 ~ Necro-Fantasy	少女幻葬　～ Necro-Fantasy	A Maiden's Illusionary Funeral ~ Necro-Fantasy
音楽部門	蓮台野夜行	환상의 영원제	幻想の永遠祭	Eternal Festival of Illusions
音楽部門	夢違科学世紀	동제 ~ Innocent Treasures	童祭　～ Innocent Treasures	Kid's Festival ~ Innocent Treasures
音楽部門	夢違科学世紀	화서의 꿈	華胥の夢	Dream of Huaxu
音楽部門	夢違科学世紀	상해홍차관 ~ Chinese Tea	上海紅茶館　～ Chinese Tea	Shanghai Scarlet Teahouse ~ Chinese Tea
音楽部門	夢違科学世紀	보이지 1969	ヴォヤージュ1969	Voyage 1969
音楽部門	夢違科学世紀	과학 세기의 소년소녀	科学世紀の少年少女	Boys and Girls of the Age of Science
音楽部門	夢違科学世紀	영야의 대가 ~ Imperishable Night	永夜の報い　～ Imperishable Night	Retribution for the Eternal Night ~ Imperishable Night
音楽部門	夢違科学世紀	밤이 내려온다 ~ Evening Star	夜が降りてくる　～ Evening Star	Night Falls ~ Evening Star
音楽部門	夢違科学世紀	인형재판 ~ 사람의 형상을 가지고 노는 소녀	人形裁判　～ 人の形弄びし少女	Doll Judgement ~ The Girl who Played with People's Shapes
音楽部門	夢違科学世紀	꿈과 현실의 경계	夢と現の境界	Border Between Dreams and Reality
音楽部門	夢違科学世紀	환상기계 ~ Phantom Factory	幻想機械　～ Phantom Factory	Fantasy Machine ~ Phantom Factory
音楽部門	夢違科学世紀	유현의 단풍나무 ~ Eternal Dream	幽玄の槭樹　～ Eternal Dream	Mystical Maple ~ Eternal Dream
音楽部門	卯酉東海道	히로시게 36호 ~ Neo Super-Express	ヒロシゲ36号　～ Neo Super-Express	Hiroshige No.36 ~ Neo Super-Express
音楽部門	卯酉東海道	53분 간의 푸른 바다	53ミニッツの青い海	Blue Sea of 53 Minutes
音楽部門	卯酉東海道	죽취비상 ~ Lunatic Princess	竹取飛翔　～ Lunatic Princess	Flight of the Bamboo Cutter ~ Lunatic Princess
音楽部門	卯酉東海道	피안귀항 ~ Riverside View	彼岸帰航　～ Riverside View	Higan Retour ~ Riverside View
音楽部門	卯酉東海道	아오키가하라의 전설	青木ヶ原の伝説	Legend of Aokigahara
音楽部門	卯酉東海道	우사님의 새하얀 깃발	お宇佐さまの素い幡	White Flag of Usa Shrine
音楽部門	卯酉東海道	달까지 닿아라, 불사의 연기	月まで届け不死の煙	Reach for the Moon, Immortal Smoke
音楽部門	卯酉東海道	레트로스펙티브 교토	レトロスペクティブ京都	Retrospective Kyoto
音楽部門	卯酉東海道	락드 걸 ~ 소녀밀실	ラクトガール　～ 少女密室	Locked Girl ~ The Girl's Sealed Room
音楽部門	卯酉東海道	천년환상향 ~ History of the Moon	千年幻想郷　～ History of the Moon	Gensokyo Millennium ~ History of the Moon
音楽部門	卯酉東海道	가장 맑은 하늘과 바다	最も澄みわたる空と海	The Purest Sky and Sea
音楽部門	大空魔術	월면 투어에 어서 오세요	月面ツアーへようこそ	Welcome to the Moon Tour
音楽部門	大空魔術	천공의 그리니치	天空のグリニッジ	Greenwich in the Sky
音楽部門	大空魔術	동쪽 나라의 잠들지 않는 밤	東の国の眠らない夜	Sleepless Night of the Eastern Country
音楽部門	大空魔術	휠체어의 미래우주	車椅子の未来宇宙	The Wheelchair's Future in Space
音楽部門	大空魔術	Demystify Feast	Demystify Feast	Demystify Feast
音楽部門	大空魔術	위성 카페테라스	衛星カフェテラス	Satellite Café Terrace
音楽部門	大空魔術	G Free	G Free	G Free
音楽部門	大空魔術	상하이 앨리스 환악단 / C70 (2006/08/13) ~ Magical Astronomy	大空魔術　～ Magical Astronomy	Celestial Wizardry ~ Magical Astronomy
音楽部門	大空魔術	네크로 판타지아	ネクロファンタジア	Necrofantasia
音楽部門	大空魔術	저편의 달	向こう側の月	The Far Side of the Moon
音楽部門	未知の花　魅知の旅	상하이 앨리스 환악단 / 제8회 하쿠레이 신사 예대제 (2011/05/08)	未知の花 魅知の旅	Unknown Flower, Mesmerizing Journey
音楽部門	未知の花　魅知の旅	무간의 종 ~ Infinite Nightmare	無間の鐘　～ Infinite Nightmare	Bell of Avici ~ Infinite Nightmare
音楽部門	未知の花　魅知の旅	내일은 휴일, 어제는 평일	明日ハレの日、ケの昨日	Tomorrow will be Special, Yesterday was Not
音楽部門	鳥船遺跡	위성 토리후네	衛星トリフネ	Satellite TORIFUNE
音楽部門	鳥船遺跡	트로이군의 밀림	トロヤ群の密林	Trojan Asteroid Jungle
音楽部門	鳥船遺跡	디자이어 드라이브	デザイアドライブ	Desire Drive
音楽部門	鳥船遺跡	페어리 모험담	フェアリー冒険譚	The Fairies' Adventurous Tale
音楽部門	鳥船遺跡	아메노토리후네 신사	天鳥船神社	Ame-no-torifune Shrine
音楽部門	鳥船遺跡	밤하늘의 UFO 로맨스	夜空のユーフォーロマンス	UFO Romance in the Night Sky
音楽部門	鳥船遺跡	하르트만의 요괴소녀	ハルトマンの妖怪少女	Hartmann's Youkai Girl
音楽部門	鳥船遺跡	아메노토리후네 신사의 결계	天鳥船神社の結界	The Barrier of Ame-no-torifune Shrine
音楽部門	鳥船遺跡	감정의 마천루 ~ Cosmic Mind	感情の摩天楼　～ Cosmic Mind	Emotional Skyscraper ~ Cosmic Mind
音楽部門	鳥船遺跡	우주에 떠오른 환상향	宇宙に浮かぶ幻想郷	The Gensokyo That Floats in Outer Space
音楽部門	伊弉諾物質	녹색의 새너토리엄	緑のサナトリウム	Green Sanatorium
音楽部門	伊弉諾物質	소에게 이끌려 젠코지 참배	牛に引かれて善光寺参り	Led On by a Cow to Visit Zenkou Temple
音楽部門	伊弉諾物質	하트펠트 팬시	ハートフェルトファンシー	Heartfelt Fancy
音楽部門	伊弉諾物質	60년만의 동방재판 ~ Fate of Sixty Years	六十年目の東方裁判　～ Fate of Sixty Years	Eastern Judgement in the Sixtieth Year ~ Fate of Sixty Years
音楽部門	伊弉諾物質	아가르타의 바람	アガルタの風	Wind of Agartha
音楽部門	伊弉諾物質	이자나기 오브젝트	イザナギオブジェクト	Izanagi Object
音楽部門	伊弉諾物質	요괴 뒤쪽 참배길	妖怪裏参道	Rear Temple Path of Youkai
音楽部門	伊弉諾物質	언노운 X ~ Unfound Adventure	アンノウンX　～ Unfound Adventure	Unknown X ~ Unfound Adventure
音楽部門	伊弉諾物質	일본의 불가사의들을 모아	日本中の不思議を集めて	Gathering the Mysterious from All Around Japan
音楽部門	伊弉諾物質	멋진 묘지에서 살아 봅시다	素敵な墓場で暮しましょ	Let's Live in a Lovely Cemetery
音楽部門	燕石博物誌	보잘것없는 두 사람의 박물지	他愛も無い二人の博物誌	The Childlike Duo's Naturalis Historia
音楽部門	燕石博物誌	얼어붙은 영원의 도시	凍り付いた永遠の都	The Frozen Eternal Capital
音楽部門	燕石博物誌	닥터 레이턴시의 잠 못 들게 하는 눈동자	Dr.レイテンシーの眠れなくなる瞳	Dr. Latency's Sleepless Eyes
音楽部門	燕石博物誌	9월의 펌프킨	九月のパンプキン	September Pumpkin
音楽部門	燕石博物誌	수유는 플랑크를 넘어서	須臾はプランクを超えて	An Instant that Exceeds Planck's Time
音楽部門	燕石博物誌	슈뢰딩거의 요괴고양이	シュレディンガーの化猫	Schrödinger's Bakeneko
音楽部門	燕石博物誌	공중에 가라앉은 휘침성	空中に沈む輝針城	The Shining Needle Castle Sinking in the Air
音楽部門	燕石博物誌	금기의 막벽	禁忌の膜壁	The Taboo Membrane Wall
音楽部門	燕石博物誌	고향별이 비치는 바다	故郷の星が映る海	The Sea that Reflects One's Home Planet
音楽部門	燕石博物誌	퓨어 퓨리스 ~ 마음이 있는 곳	ピュアヒューリーズ　～ 心の在処	Pure Furies ~ Whereabouts of the Heart
音楽部門	燕石博物誌	영원의 삼일천하	永遠の三日天下	Eternal Transient Reign
音楽部門	旧約酒場	바 올드 아담	バー・オールドアダム	"""Old Adam"" Bar"
音楽部門	旧約酒場	연석박물지가 가져온 어둠	燕石博物誌が連れてきた闇	The Darkness Brought In by Swallowstone Naturalis Historia
音楽部門	旧約酒場	리버스 이데올로기	リバースイデオロギー	Reverse Ideology
音楽部門	旧約酒場	아웃사이더 칵테일	アウトサイダーカクテル	Outsider Cocktail
音楽部門	旧約酒場	오오미와 신화전	大神神話伝	Omiwa Legend
音楽部門	旧約酒場	판데모닉 플래닛	パンデモニックプラネット	Pandemonic Planet
音楽部門	旧約酒場	구세계의 모험주점	旧世界の冒険酒場	Adventurer's Tavern of the Old World
音楽部門	旧約酒場	마계 지방도시 에소테리아	魔界地方都市エソテリア	Rural Makai City Esoteria
音楽部門	旧約酒場	망실의 이모션	亡失のエモーション	The Lost Emotion
音楽部門	旧約酒場	숙취의 동상이몽	二日酔いの同床異夢	Hangover of Bedfellows Dreaming Differently
音楽部門	虹色のセプテントリオン	나나츠이시의 늑대, 구름을 잡으러 달리다	七ツ石の狼、雲を取りに駆ける	The Wolves of Nanatsuishi Dash to Seize the Clouds
音楽部門	虹色のセプテントリオン	환상의 화이트 트래블러	幻想のホワイトトラベラー	Illusionary White Traveler
音楽部門	虹色のセプテントリオン	그 활기찬 시장은 지금 어디에 ~ Immemorial Marketeers	あの賑やかな市場は今どこに　〜 Immemorial Marketeers	Where Is That Bustling Marketplace Now ~ Immemorial Marketeers
音楽部門	七夕坂夢幻能	타나바타자카에 아침이 온다	七夕坂に朝が来る	Dawn Breaks on Tanabatazaka
音楽部門	七夕坂夢幻能	부등식의 팅커벨	不等式のティンカーベル	Tinkerbell of Inequality
音楽部門	七夕坂夢幻能	금단의 문 너머는, 이승인가 저승인가	禁断の扉の向こうは、この世かあの世か	Does the Forbidden Door Lead to This World, or the World Beyond?
音楽部門	七夕坂夢幻能	스모킹 드래곤	スモーキングドラゴン	Smoking Dragon
音楽部門	七夕坂夢幻能	무겐노 ~ Taboo Marionette	夢幻能　〜 Taboo Marionette	Mugen Noh ~ Taboo Marionette
音楽部門	七夕坂夢幻能	크레이지 백댄서즈	クレイジーバックダンサーズ	Crazy Backup Dancers
音楽部門	七夕坂夢幻能	요리마시는 꿈과 현실 사이에 ~ Necro-Fantasia	憑坐は夢と現の間に　〜 Necro-Fantasia	Yorimashi Between Dreams and Reality ~ Necro-Fantasia
音楽部門	七夕坂夢幻能	혼자서의 히타치 행로	ひとりぼっちの常陸行路	The Lonely Road of Hitachi
音楽部門	七夕坂夢幻能	지장만이 아는 애탄	地蔵だけが知る哀嘆	The Lamentations Known Only by Jizo
音楽部門	七夕坂夢幻能	비닉된 포 시즌스	秘匿されたフォーシーズンズ	The Concealed Four Seasons
音楽部門	七夕坂夢幻能	밤이 아니라도 요괴는 있으니까	夜じゃなくてもお化けはいるから	Ghosts Exist Even When It's Not Night
音楽部門	秋霜玉	추상옥 ~ Clockworks	秋霜玉　～ Clockworks	Autumn Frost Orb ~ Clockworks
音楽部門	秋霜玉	폴스 스트로베리	フォルスストロベリー	False Strawberry
音楽部門	秋霜玉	프림로즈 쉬버	プリムローズシヴァ	Primrose Shiver
音楽部門	秋霜玉	환상제도	幻想帝都	Fantastic Imperial Capital
音楽部門	秋霜玉	디자스트러스 제미니	ディザストラスジェミニ	Disastrous Gemini
音楽部門	秋霜玉	꽃의 환상 붉은 꿈의 허공	華の幻想　紅夢の宙	Illusion of Flowers, Sky of Scarlet Dreams
音楽部門	秋霜玉	천공아미	天空アーミー	Firmament Army
音楽部門	秋霜玉	스푸트니크 환야	スプートニク幻夜	Illusionary Sputnik Night
音楽部門	秋霜玉	기계 서커스 ~ Reverie	機械サーカス　～ Reverie	Mechanical Circus ~ Reverie
音楽部門	秋霜玉	카나베랄의 몽환소녀	カナベラルの夢幻少女	Illusionary Girl from Canaveral
音楽部門	秋霜玉	마법소녀 십자군	魔法少女十字軍	Magical Girl's Crusade
音楽部門	秋霜玉	앤티크 테러	アンティークテラー	Antique Terror
音楽部門	秋霜玉	몽기계 ~ Innocent Power	夢機械　～ Innocent Power	Dream Machine ~ Innocent Power
音楽部門	秋霜玉	환상과학 ~ Doll's Phantom	幻想科学　～ Doll's Phantom	Fantasy Science ~ Doll's Phantom
音楽部門	秋霜玉	소녀신성 ~ Pandora's Box	少女神性　～ Pandora's Box	Girl's Divinity ~ Pandora's Box
音楽部門	秋霜玉	실크로드 앨리스	シルクロードアリス	Silk Road Alice
音楽部門	秋霜玉	마녀들의 무도회 ~ Magus	魔女達の舞踏会　～ Magus	The Witches' Ball ~ Magus
音楽部門	秋霜玉	이색연화접 ~ Ancients	二色蓮花蝶　～ Ancients	Dichromatic Lotus Butterfly ~ Ancients
音楽部門	秋霜玉	허셀브즈	ハーセルヴズ	Herselves
音楽部門	秋霜玉	타이틀드 메이드	タイトルドメイド	Titled Maid
音楽部門	稀翁玉	희옹옥 ~ Fairy Dance	稀翁玉　～ Fairy Dance	Rare Venerable Orb ~ Fairy Dance
音楽部門	稀翁玉	비로드 소녀전 ~ Velvet Battle	天鵞絨少女戦　～ Velvet Battle	Velvet Maiden's War ~ Velvet Battle
音楽部門	稀翁玉	Castle Explorer -in the Sky-	Castle Explorer -in the Sky-	Castle Explorer -in the Sky-
音楽部門	稀翁玉	올페의 시 ~ Pseudoclassic	オルフェの詩　～ Pseudoclassic	Orphic Poetry ~ Pseudoclassic
音楽部門	稀翁玉	신환상 ~ New Fantasy	新幻想　～ New Fantasy	New Illusion ~ New Fantasy
音楽部門	稀翁玉	오를레앙의 성기사	オルレアンの聖騎士	Holy Knight of Orléans
音楽部門	稀翁玉	My Maid, Sweet Maid	My Maid, Sweet Maid	My Maid, Sweet Maid
音楽部門	稀翁玉	앵화지연총 ~ Flower of Japan	桜花之恋塚　～ Flower of Japan	Lovely Mound of Cherry Blossoms ~ Flower of Japan
音楽部門	稀翁玉	소녀전사 ~ Heart of Valkyrie	乙女戦士　～ Heart of Valkyrie	Warrior Maiden ~ Heart of Valkyrie
音楽部門	稀翁玉	에니그마틱 돌 ~ God Knows	エニグマティクドール　～ God Knows	Enigmatic Doll ~ God Knows
音楽部門	トルテルマジック	Witch of Love Potion	Witch of Love Potion	Witch of Love Potion
音楽部門	トルテルマジック	Magical and Hopeless	Magical and Hopeless	Magical and Hopeless
音楽部門	トルテルマジック	Sacred Battle	Sacred Battle	Sacred Battle
音楽部門	神魔討綺伝	AN ORDEAL FROM GOD	AN ORDEAL FROM GOD	AN ORDEAL FROM GOD
音楽部門	黄昏酒場	주정뱅이의 레무리아	呑んべぇのレムリア	A Drunkard's Lemuria
音楽部門	東方幻想麻雀	큐리어스 상하이 고패	キュアリアス上海古牌	Curious Old Shanghai Tile
音楽部門	東方幻想麻雀	신마토기전 AN ORDEAL FROM GOD	神魔討綺伝 AN ORDEAL FROM GOD	The Legend of God Demonic AN ORDEAL FROM GOD
音楽部門	その他・オリジナル	황혼의 마술사	宵闇の魔術師	Magician of the Evening Darkness
音楽部門	その他・オリジナル	Magic of Life	Magic of Life	Magic of Life
音楽部門	その他・オリジナル	Plastic Space	Plastic Space	Plastic Space
音楽部門	その他・オリジナル	Frontal Attack	Frontal Attack	Frontal Attack
音楽部門	その他・オリジナル	Inventive City	Inventive City	Inventive City
音楽部門	その他・オリジナル	몽환회랑	夢幻回廊	Infinite Corridor
音楽部門	その他・オリジナル	봉래환상 ~ far East	蓬莱幻想　～ far East	Hourai Illusion ~ far East
音楽部門	その他・オリジナル	밤의 히토야마를 날다	夜の鳩山を飛ぶ	Fly Above Hatoyama at Night
音楽部門	その他・オリジナル	妖々跋扈　～ Speed Fox!	妖々跋扈　～ Speed Fox!	Spiritual Domination ～ Speed Fox!
音楽部門	その他・オリジナル	Mysterious Shrine	Mysterious Shrine	Mysterious Shrine
音楽部門	その他・オリジナル	日々是紅日　～ Folksy Touhou days.	日々是紅日　～ Folksy Touhou days.	Every Day a Red Day ～ Folksy Touhou days.
音楽部門	その他・オリジナル	유일무이의 시뮬라크럼	唯一無二のシミュラークル	Independent Simulacrum
作品部門	旧作	동방영이전	東方靈異伝	Highly Responsive to Prayers
作品部門	旧作	동방봉마록	東方封魔録	Story of Eastern Wonderland
作品部門	旧作	동방몽시공	東方夢時空	Phantasmagoria of Dim.Dream
作品部門	旧作	동방환상향	東方幻想郷	Lotus Land Story
作品部門	旧作	동방괴기담	東方怪綺談	Mystic Square
作品部門	WinSTG作品	동방홍마향	東方紅魔郷	Embodiment of Scarlet Devil
作品部門	WinSTG作品	동방요요몽	東方妖々夢	Perfect Cherry Blossom
作品部門	WinSTG作品	동방영야초	東方永夜抄	Imperishable Night
作品部門	WinSTG作品	동방화영총	東方花映塚	Phantasmagoria of Flower View
作品部門	WinSTG作品	동방문화첩	東方文花帖	Shoot the Bullet
作品部門	WinSTG作品	동방풍신록	東方風神録	Mountain of Faith
作品部門	WinSTG作品	동방지령전	東方地霊殿	Subterranean Animism
作品部門	WinSTG作品	동방성련선	東方星蓮船	Undefined Fantastic Object
作品部門	WinSTG作品	더블 스포일러	ダブルスポイラー	Double Spoiler
作品部門	WinSTG作品	요정대전쟁	妖精大戦争	Great Fairy Wars
作品部門	WinSTG作品	동방신령묘	東方神霊廟	Ten Desires
作品部門	WinSTG作品	동방휘침성	東方輝針城	Double Dealing Character
作品部門	WinSTG作品	탄막 아마노자쿠	弾幕アマノジャク	Impossible Spell Card
作品部門	WinSTG作品	동방감주전	東方紺珠伝	Legacy of Lunatic Kingdom
作品部門	WinSTG作品	동방천공장	東方天空璋	Hidden Star in Four Seasons
作品部門	WinSTG作品	비봉 나이트메어 다이어리	秘封ナイトメアダイアリー	Violet Detector
作品部門	WinSTG作品	동방귀형수	東方鬼形獣	Wily Beast and Weakest Creature
作品部門	WinSTG作品	동방홍룡동	東方虹龍洞	Unconnected Marketeers
作品部門	WinSTG作品	불릿필리아들의 암시장	バレットフィリア達の闇市場	100th Black Market
作品部門	WinSTG作品	동방수왕원	東方獣王園	Unfinished Dream of All Living Ghost
作品部門	WinSTG作品	동방금상경	東方錦上京	Fossilized Wonders
作品部門	黄昏フロンティア作品	동방췌몽상	東方萃夢想	Immaterial and Missing Power
作品部門	黄昏フロンティア作品	동방비상천	東方緋想天	Scarlet Weather Rhapsody
作品部門	黄昏フロンティア作品	동방비상천칙	東方非想天則	Touhou Hisoutensoku
作品部門	黄昏フロンティア作品	동방심기루	東方心綺楼	Hopeless Masquerade
作品部門	黄昏フロンティア作品	동방심비록	東方深秘録	Urban Legend in Limbo
作品部門	黄昏フロンティア作品	동방빙의화	東方憑依華	Antinomy of Common Flowers
作品部門	黄昏フロンティア作品	동방강욕이문	東方剛欲異聞	Sunken Fossil World
作品部門	音楽作品	요악단의 역사	幺樂団の歴史	Akyu's Untouched Score
作品部門	音楽作品	봉래인형	蓬莱人形	Dolls in Pseudo Paradise
作品部門	音楽作品	렌다이노 야행	蓮台野夜行	Ghostly Field Club
作品部門	音楽作品	몽위과학세기	夢違科学世紀	Changeability of Strange Dream
作品部門	音楽作品	묘유동해도	卯酉東海道	Retrospective 53 minutes
作品部門	音楽作品	대공마술	大空魔術	Magical Astronomy
作品部門	音楽作品	미지의 꽃 매지의 여행	未知の花　魅知の旅	Unknown Flower, Mesmerizing Journey
作品部門	音楽作品	토리후네 유적	鳥船遺跡	Trojan Green Asteroid
作品部門	音楽作品	이자나기 물질	伊弉諾物質	Neo-traditionalism of Japan
作品部門	音楽作品	연석박물지	燕石博物誌	Dr. Latency's Freak Report
作品部門	音楽作品	구약주점	旧約酒場	"Dateless Bar ""Old Adam"""
作品部門	音楽作品	무지갯빛 셉텐트리온	虹色のセプテントリオン	Rainbow-Colored Septentrion
作品部門	音楽作品	타나바타자카 무겐노	七夕坂夢幻能	Taboo Japan Disentanglement
作品部門	書籍作品	동방향림당	東方香霖堂	Curiosities of Lotus Asia
作品部門	書籍作品	동방삼월정	東方三月精	Touhou Sangetsusei
作品部門	書籍作品	동방문화첩(서적)	東方文花帖（書籍）	Bohemian Archive in Japanese Red
作品部門	書籍作品	동방구문사기 / 동방구문구수	東方求聞史紀 / 東方求聞口授	Touhou Gumon (Gensokyo Chronicle)
作品部門	書籍作品	동방맹월초	東方儚月抄	Touhou Bougetsushou
作品部門	書籍作品	The Grimoire of Marisa	The Grimoire of Marisa	The Grimoire of Marisa
作品部門	書籍作品	동방자가선	東方茨歌仙	Wild and Horned Hermit
作品部門	書籍作品	동방영나암	東方鈴奈庵	Forbidden Scrollery
作品部門	書籍作品	동방문과진보	東方文果真報	Alternative Facts in Eastern Utopia
作品部門	書籍作品	The Grimoire of Usami 비봉클럽이계촬영기록	The Grimoire of Usami 秘封倶楽部異界撮影記録	The Grimoire of Usami
作品部門	書籍作品	동방지령기전 반칙탐정 사토리	東方智霊奇伝 反則探偵さとり	Foul Detective Satori
作品部門	書籍作品	동방취접화	東方酔蝶華	Lotus Eaters
作品部門	書籍作品	동방Project 인요명감 어스름편	東方Project人妖名鑑 宵闇編	Who's Who of Humans and Youkai - Dusk Edition
作品部門	書籍作品	동방Project 인요명감 저승편	東方Project人妖名鑑 常世編	Who's Who of Humans and Youkai - Everlasting Edition
作品部門	書籍作品	동방환존신첨	東方幻存神籤	Whispered Oracle of Hakurei Shrine
